Polski;Angielski;Niemiecki;Hiszpański;Włoski;Chiński
🌸 Bądź szczęśliwy 😊✨;🌸 Be happy 😊✨  ;🌸 Sei glücklich 😊✨;🌸 Sé feliz 😊✨;🌸 Sii felice 😊✨;🌸 快乐起来 😊✨
🌞 Uśmiechnij się 😄🌟;🌞 Smile 😄🌟  ;🌞 Lächle 😄🌟;🌞 Sonríe 😄🌟;🌞 Sorridi 😄🌟;🌞 微笑 😄🌟
💎 Jesteś najlepszy 🏆💖;💎 You are the best 🏆💖  ;💎 Du bist der/die Beste 🏆💖;💎 Eres el mejor 🏆💖;💎 Sei il migliore 🏆💖;💎 你是最棒的 🏆💖
🦋 Nigdy nie wątp w siebie 💭🚫💪;🦋 Never doubt in yourself 💭🚫💪  ;🦋 Zweifle nie an dir selbst 💭🚫💪;🦋 Nunca dudes de ti mismo 💭🚫💪;🦋 Non dubitare mai di te stesso 💭🚫💪;🦋 永远不要怀疑自己 💭🚫💪
⚡ Idź dalej ➡️🔥;⚡ Keep going ➡️🔥  ;⚡ Mach weiter ➡️🔥;⚡ Sigue adelante ➡️🔥;⚡ Continua ➡️🔥;⚡ 继续前进 ➡️🔥
🌈 Dasz radę 🙌✅;🌈 You got it 🙌✅  ;🌈 Du schaffst das 🙌✅;🌈 Lo tienes 🙌✅;🌈 Ce l'hai fatta 🙌✅;🌈 你一定可以的 🙌✅
🏔️ Nigdy się nie poddawaj 💪🚀;🏔️ Never give up 💪🚀  ;🏔️ Gib niemals auf 💪🚀;🏔️ Nunca te rindas 💪🚀;🏔️ Non mollare mai 💪🚀;🏔️ 永不放弃 💪🚀
🕊️ Wierz w siebie 🌟💖;🕊️ Believe in yourself 🌟💖  ;🕊️ Glaube an dich selbst 🌟💖;🕊️ Cree en ti mismo 🌟💖;🕊️ Credi in te stesso 🌟💖;🕊️ 相信自己 🌟💖
🎨 Miej wielkie marzenia ✨🌈;🎨 Dream big ✨🌈  ;🎨 Träume groß ✨🌈;🎨 Sueña en grande ✨🌈;🎨 Sogna in grande ✨🌈;🎨 敢于梦想 ✨🌈
🌊 Jesteś silniejszy niż myślisz 💪🧠;🌊 You are stronger than you think 💪🧠  ;🌊 Du bist stärker als du denkst 💪🧠;🌊 Eres más fuerte de lo que crees 💪🧠;🌊 Sei più forte di quanto pensi 💪🧠;🌊 你比你想象的更强大 💪🧠
🌻 Bądź pozytywny 😊☀️;🌻 Stay positive 😊☀️  ;🌻 Bleib positiv 😊☀️;🌻 Mantente positivo 😊☀️;🌻 Rimani positivo 😊☀️;🌻 保持积极 😊☀️
🧩 Krok po kroku 🚶🛤️;🧩 One step at a time 🚶🛤️  ;🧩 Schritt für Schritt 🚶🛤️;🧩 Un paso a la vez 🚶🛤️;🧩 Un passo alla volta 🚶🛤️;🧩 一步一个脚印 🚶🛤️
🌟 Spraw, by dzisiejszy dzień się liczył ✅📆;🌟 Make today count ✅📆  ;🌟 Mach den heutigen Tag zu etwas Besonderem ✅📆;🌟 Haz que hoy cuente ✅📆;🌟 Fai in modo che oggi conti ✅📆;🌟 让今天过得有意义 ✅📆
🎇 Świeć jasno jak słońce ☀️💫;🎇 Shine bright like the sun ☀️💫  ;🎇 Strahle wie die Sonne ☀️💫;🎇 Brilla como el sol ☀️💫;🎇 Brilla come il sole ☀️💫;🎇 像太阳一样闪耀 ☀️💫
🌠 Nie przestawaj marzyć, nie przestawaj działać ✨🏃;🌠 Keep dreaming, keep doing ✨🏃  ;🌠 Träume weiter, mach weiter ✨🏃;🌠 Sigue soñando, sigue haciendo ✨🏃;🌠 Continua a sognare, continua a fare ✨🏃;🌠继续梦想，继续行动✨🏃
🛶 Bądź silny 💪🛡️;🛶 Stay strong 💪🛡️  ;🛶 Bleib stark 💪🛡️;🛶 Mantente fuerte 💪🛡️;🛶 Sii forte 💪🛡️;🛶 保持坚强💪🛡️
🪐 Skup się na tym, co dobre 🎯✨;🪐 Focus on the good 🎯✨  ;🪐 Konzentriere dich auf das Gute 🎯✨;🪐 Enfócate en lo bueno 🎯✨;🪐 Concentrati sul bene 🎯✨;🪐 关注美好的事物🎯✨
🐉 Jesteś niepowstrzymany 🚀🔥;🐉 You are unstoppable 🚀🔥  ;🐉 Du bist nicht aufzuhalten 🚀🔥;🐉 Eres imparable 🚀🔥;🐉 Sei inarrestabile 🚀🔥;🐉 你势不可挡🚀🔥
🌌 Każdy dzień to nowa szansa 🌅🔄;🌌 Every day is a new chance 🌅🔄  ;🌌 Jeder Tag ist eine neue Chance 🌅🔄;🌌 Cada día es una nueva oportunidad 🌅🔄;🌌 Ogni giorno è una nuova opportunità 🌅🔄;🌌 每一天都是一个新的机会🌅🔄
🗝️ Zaufaj procesowi 🔄🤝;🗝️ Trust the process 🔄🤝  ;🗝️ Vertraue dem Prozess 🔄🤝;🗝️ Confía en el proceso 🔄🤝;🗝️ Fidati del processo 🔄🤝;🗝️ 相信过程🔄🤝
🏹 Spraw, by się udało 🏁⚡;🏹 Make it happen 🏁⚡  ;🏹 Mach es möglich 🏁⚡;🏹 Hazlo realidad 🏁⚡;🏹 Fallo accadere 🏁⚡;🏹 实现目标🏁⚡
🚴 Znajdź radość w podróży 🚗💫;🚴 Find joy in the journey 🚗💫  ;🚴 Finde Freude an der Reise 🚗💫;🚴 Encuentra alegría en el camino 🚗💫;🚴 Trova gioia nel viaggio 🚗💫;🚴 在旅途中寻找快乐🚗💫
🕯️ Pozwól, by twoje światło świeciło 🔦🌟;🕯️ Let your light shine 🔦🌟  ;🕯️ Lass dein Licht leuchten 🔦🌟;🕯️ Deja que tu luz brille 🔦🌟;🕯️ Fai risplendere la tua luce 🔦🌟;🕯️ 让你的光芒闪耀🔦🌟
🐦 Wstań i świeć ☀️🙌;🐦 Rise and shine ☀️🙌  ;🐦 Steh auf und strahle ☀️🙌;🐦 Levántate y brilla ☀️🙌;🐦 Sorgi e brilla ☀️🙌;🐦 奋发向上☀️🙌
🪄 Postęp, nie perfekcja 📈💡;🪄 Progress, not perfection 📈💡  ;🪄 Fortschritt, nicht Perfektion 📈💡;🪄 Progreso, no perfección 📈💡;🪄 Progresso, non perfezione 📈💡;🪄 追求进步，而非完美📈💡
🧭 Odwaga ponad komfortem 🦁💪;🧭 Courage over comfort 🦁💪  ;🧭 Mut statt Bequemlichkeit 🦁💪;🧭 Valentía antes que comodidad 🦁💪;🧭 Coraggio prima della comodità 🦁💪;🧭 勇气胜过安逸🦁💪
📚 Pozostań ciekawy 🧐🌱;📚 Stay curious 🧐🌱  ;📚 Bleib neugierig 🧐🌱;📚 Mantén la curiosidad 🧐🌱;📚 Sii curioso 🧐🌱;📚 保持好奇心🧐🌱
✍️ Tworzysz swoją historię 📖✨;✍️ You’re creating your story 📖✨  ;✍️ Du schreibst deine Geschichte 📖✨;✍️ Estás creando tu historia 📖✨;✍️ Stai creando la tua storia 📖✨;✍️ 你正在创造你的故事📖✨
🥾 Podejmij wyzwanie 🏔️🔥;🥾 Embrace the challenge 🏔️🔥  ;🥾 Nimm die Herausforderung an 🏔️🔥;🥾 Acepta el reto 🏔️🔥;🥾 Accogli la sfida 🏔️🔥;🥾 迎接挑战🏔️🔥
🧗 Krok po kroku, dzień po dniu 🦶📆;🧗 Step by step, day by day 🦶📆  ;🧗 Schritt für Schritt, Tag für Tag 🦶📆;🧗 Paso a paso, día a día 🦶📆;🧗 Passo dopo passo, giorno dopo giorno 🦶📆;🧗 一步一步，一天一天🦶📆
🎬 Zamień marzenia w plany 📝🌟;🎬 Turn dreams into plans 📝🌟  ;🎬 Verwandle Träume in Pläne 📝🌟;🎬 Convierte tus sueños en planes 📝🌟;🎬 Trasforma i sogni in progetti 📝🌟;🎬 将梦想变成计划📝🌟
👑 Kim jesteś? Zwycięzcą! 🏆🔥💪;👑 Who are you? A winner! 🏆🔥💪  ;👑 Wer bist du? Ein Gewinner! 🏆🔥💪;👑 ¿Quién eres? ¡Un ganador! 🏆🔥💪;👑 Chi sei? Un vincitore! 🏆🔥💪;👑 你是谁？赢家！ 🏆🔥💪
✨ ​​Jesteś silny 💪🌟;✨ You are strong 💪🌟;✨ ​​Du bist stark 💪🌟;✨ Eres fuerte 💪🌟;✨ ​​Sei forte 💪🌟;✨ 你很坚强 💪🌟
💖 Jesteś ważny 🌸🌍;💖 You matter 🌸🌍;💖 Du bist wichtig 🌸🌍;💖 Importas 🌸🌍;💖 Sei importante 🌸🌍;💖 你很重要 🌸🌍
🌎 Świat Cię kocha ❤️🤗;🌎 World loves you ❤️🤗;🌎 Die Welt liebt dich ❤️🤗;🌎 El mundo te ama ❤️🤗;🌎 Il mondo ti ama ❤️🤗;🌎 世界爱你 ❤️🤗
🌟 Zaufaj swojej sile 💪⚡;🌟 Trust your strength 💪⚡  ;🌟 Vertraue deiner Stärke 💪⚡;🌟 Confía en tu fuerza 💪⚡;🌟 Abbi fiducia nella tua forza 💪⚡;🌟 相信你的力量 💪⚡
✨ Jesteś światłem na tym świecie 🌍💫;✨ You are a light in this world 🌍💫 ;✨ Du bist ein Licht in dieser Welt 🌍💫;✨ Eres una luz en este mundo 🌍💫;✨ Sei una luce in questo mondo 🌍💫;✨ 你是这世上的一盏明灯 🌍💫
🔥 Granice istnieją tylko w Twoim umyśle 🧠🚀;🔥 Limits exist only in your mind 🧠🚀  ;🔥 Grenzen existieren nur in deinem Kopf 🧠🚀;🔥 Los límites solo existen en tu mente 🧠🚀;🔥 I limiti esistono solo nella tua mente 🧠🚀;🔥 极限只存在于你的心中 🧠🚀
☀️ Twój uśmiech zmienia dzień 😄🌸;☀️ Your smile changes the day 😄🌸  ;☀️ Dein Lächeln verändert den Tag 😄🌸;☀️ Tu sonrisa cambia el día 😄🌸;☀️ Il tuo sorriso cambia la giornata 😄🌸;☀️ 你的笑容改变每一天 😄🌸
🏆 Wielkość jest w Tobie ✨💖;🏆 Greatness is in you ✨💖  ;🏆 Größe steckt in dir ✨💖;🏆 La grandeza está en ti ✨💖;🏆 La grandezza è in te ✨💖;🏆 伟大在于你 ✨💖
🌈 Twoja podróż jest wyjątkowa 🌟🛤️;🌈 Your journey is unique 🌟🛤️  ;🌈 Dein Weg ist einzigartig 🌟🛤️;🌈 Tu camino es único 🌟🛤️;🌈 Il tuo viaggio è unico 🌟🛤️;🌈 你的旅程独一无二 🌟🛤️
💪 Wyzwania czynią Cię silniejszym 🏔️🔥;💪 Challenges make you stronger 🏔️🔥  ;💪 Herausforderungen machen dich stärker 🏔️🔥;💪 Los desafíos te hacen más fuerte 🏔️🔥;💪 Le sfide ti rendono più forte 🏔️🔥;💪 挑战让你更强大 🏔️🔥
🌍 Wnosisz wartość wszędzie 💎✨;🌍 You bring value everywhere 💎✨  ;🌍 Du bereicherst alles 💎✨;🌍 Aportas valor a todas partes 💎✨;🌍 Porti valore ovunque 💎✨;🌍 你无处不在，价值非凡 💎✨
🤗 Szczęście zaczyna się od Ciebie 💖😊;🤗 Happiness starts with you 💖😊  ;🤗 Glück beginnt bei dir 💖😊;🤗 La felicidad empieza contigo 💖😊;🤗 La felicità inizia da te 💖😊;🤗 幸福始于你 💖😊
🎯 Skup się, zwyciężaj dalej 🏆🚀;🎯 Stay focused, stay winning 🏆🚀  ;🎯 Bleib konzentriert, bleib siegreich 🏆🚀;🎯 Mantente enfocado, sigue ganando 🏆🚀;🎯 Rimani concentrato, continua a vincere 🏆🚀;🎯 保持专注，保持胜利 🏆🚀
☀️ Błyszcz pozytywnością 🌞✨;☀️ Glow with positivity 🌞✨  ;☀️ Strahle vor Positivität 🌞✨;☀️ Brilla con positividad 🌞✨;☀️ Brilla di positività 🌞✨;☀️ 光芒四射保持积极🌞✨
⚡ Twoja siła woli jest niepowstrzymana 💪🔋;⚡ Your willpower is unstoppable 💪🔋  ;⚡ Deine Willenskraft ist unaufhaltsam 💪🔋;⚡ Tu fuerza de voluntad es imparable 💪🔋;⚡ La tua forza di volontà è inarrestabile 💪🔋;⚡ 你的意志力势不可挡💪🔋
🌱 Rozwijaj się, płyń dalej 🌿🌊;🌱 Keep growing, keep flowing 🌿🌊  ;🌱 Wachse weiter, bleib im Fluss 🌿🌊;🌱 Sigue creciendo, sigue fluyendo 🌿🌊;🌱 Continua a crescere, continua a fluire 🌿🌊;🌱 不断成长，不断前行🌿🌊
🔥 Bądź odważny, bądź śmiały 🦁✨;🔥 Be brave, be bold 🦁✨  ;🔥 Sei mutig, sei kühn 🦁✨;🔥 Sé valiente, sé audaz 🦁✨;🔥 Sii coraggioso, sii audace 🦁✨;🔥 勇敢起来，大胆起来🦁✨
💫 Wszechświat w ciebie wierzy 🌌💖;💫 The universe believes in you 🌌💖  ;💫 Das Universum glaubt an dich 🌌💖;💫 El universo cree en ti 🌌💖;💫 L'universo crede in te 🌌💖;💫 宇宙相信你🌌💖
🙌 Świętuj swoje postępy 🎉✅;🙌 Celebrate your progress 🎉✅  ;🙌 Feiere deine Fortschritte 🎉✅;🙌 Celebra tu progreso 🎉✅;🙌 Festeggia i tuoi progressi 🎉✅;🙌 庆祝你的​​进步🎉✅
💎 Jesteś wyjątkowy i cenny 🌸✨;💎 You are rare and precious 🌸✨  ;💎 Du bist selten und wertvoll 🌸✨;💎 Eres único y valioso 🌸✨;💎 Sei raro e prezioso 🌸✨;💎 你是如此稀有和珍贵🌸✨
🚀 Odkryj w sobie swoją moc 💪🌟;🚀 Step into your power 💪🌟  ;🚀 Nutze deine Kraft 💪🌟;🚀 Entra en tu poder 💪🌟;🚀 Entra nel tuo potere 💪🌟;🚀 发挥你的力量💪🌟
🌅 Nowe początki, nowa energia 🌞🔄;🌅 New beginnings, new energy 🌞🔄  ;🌅 Neuanfänge, neue Energie 🌞🔄;🌅 Nuevos comienzos, nueva energía 🌞🔄;🌅 Nuovi inizi, nuova energia 🌞🔄;🌅 新的开始，新的能量🌞🔄
❤️ Najpierw pokochaj siebie 💖😊;❤️ Love yourself first 💖😊  ;❤️ Liebe dich selbst zuerst 💖😊;❤️ Ámate a ti mismo primero 💖😊;❤️ Ama te stesso prima di tutto 💖😊;❤️ 先爱自己💖😊
✨ Twój wysiłek czyni cuda 🌟🌈;✨ Your effort creates miracles 🌟🌈  ;✨ Deine Anstrengungen bewirken Wunder 🌟🌈;✨ Tu esfuerzo crea milagros 🌟🌈;✨ Il tuo impegno crea miracoli 🌟🌈;✨ 你的努力创造奇迹🌟🌈
🏁 Zakończ mocno 💪🔥;🏁 Finish strong 💪🔥  ;🏁 Beende alles stark 💪🔥;🏁 Termina con fuerza 💪🔥;🏁 Concludi alla grande 💪🔥;🏁 强势收尾💪🔥
🛡️ Masz w sobie tę wrodzoną odwagę 🦁💖;🛡️ You’ve got this courage built-in 🦁💖  ;🛡️ Du hast diesen Mut in dir 🦁💖;🛡️ Tienes este coraje incorporado 🦁💖;🛡️ Hai questo coraggio innato 🦁💖;🛡️ 你拥有与生俱来的勇气🦁💖
📖 Napisz własną historię sukcesu ✨📝;📖 Write your own success story ✨📝  ;📖 Schreibe deine eigene Erfolgsgeschichte ✨📝;📖 Escribe tu propia historia de éxito ✨📝;📖 Scrivi la tua storia di successo ✨📝;📖 书写你自己的成功故事✨📝
🌍 Ktoś w Ciebie wierzy – zawsze 💖✨;🌍 Someone believes in you – always 💖✨  ;🌍 Jemand glaubt an dich – immer 💖✨;🌍 Alguien cree en ti, siempre 💖✨;🌍 Qualcuno crede in te, sempre 💖✨;🌍 有人相信你——永远 💖✨
⏳ Cierpliwość tworzy wielkość ⌛🌟;⏳ Patience creates greatness ⌛🌟  ;⏳ Geduld schafft Größe ⌛🌟;⏳ La paciencia crea grandeza ⌛🌟;⏳ La pazienza crea grandezza ⌛🌟;⏳ 耐心成就伟大 ⌛🌟
🎶 Pozwól swojej duszy śpiewać 🎤✨;🎶 Let your soul sing 🎤✨  ;🎶 Lass deine Seele singen 🎤✨;🎶 Deja que tu alma cante 🎤✨;🎶 Lascia cantare la tua anima 🎤✨;🎶 让你的灵魂歌唱 🎤✨
🦋 Transformuj się, ewoluuj, lśnij 🌸🌟;🦋 Transform, evolve, shine 🌸🌟  ;🦋 Verwandle dich, entwickle dich, strahle 🌸🌟;🦋 Transfórmate, evoluciona, brilla 🌸🌟;🦋 Trasformati, evolvi, brilla 🌸🌟;🦋 蜕变、进化、闪耀 🌸🌟
⚡ Energia płynie tam, gdzie kierujesz uwagę 🎯🌈;⚡ Energy flows where focus goes 🎯🌈  ;⚡ Energie fließt dorthin, wo der Fokus hingeht 🎯🌈;⚡ La energía fluye donde va el enfoque 🎯🌈;⚡ L'energia scorre dove va la concentrazione 🎯🌈;⚡ 专注之处，能量流动 🎯🌈
💖 Wybieraj radość każdego dnia 😊✨;💖 Choose joy every day 😊✨;💖 Entscheide dich jeden Tag für Freude 😊✨;💖 Elige la alegría cada día 😊✨;💖 Scegli la gioia ogni giorno 😊✨;💖 每天选择快乐 😊✨
🪽 Zachowaj wiarę w swoją podróż 🌍✨;🪽 Keep faith in your journey 🌍✨  ;🪽 Vertraue auf deinen Weg 🌍✨;🪽 Mantén la fe en tu camino 🌍✨;🪽 Mantieni la fede nel tuo percorso 🌍✨;🪽 坚定信念，成就你的旅程 🌍✨
🪴 Pielęgnuj swoje marzenia 🌱💡;🪴 Nurture your dreams 🌱💡  ;🪴 Pflege deine Träume 🌱💡;🪴 Nutre tus sueños 🌱💡;🪴 Coltiva i tuoi sogni 🌱💡;🪴 培育你的梦想 🌱💡
🌐 Twój wpływ sięga daleko 💖🌏;🌐 Your impact reaches far 💖🌏  ;🌐 Deine Wirkung reicht weit 💖🌏;🌐 Tu impacto llega lejos 💖🌏;🌐 Il tuo impatto arriva lontano 💖🌏;🌐 你的影响力深远 💖🌏
🖤 Siła pochodzi z wnętrza 💪🧘;🖤 Strength comes from within 💪🧘  ;🖤 Stärke kommt von innen 💪🧘;🖤 La fuerza viene de dentro 💪🧘;🖤 La forza viene da dentro 💪🧘;🖤 力量源于内心 💪🧘
🥇 Każdy krok przynosi zwycięstwo 🏁✨;🥇 Every step brings victory 🏁✨  ;🥇 Jeder Schritt bringt den Sieg 🏁✨;🥇 Cada paso trae victoria 🏁✨;🥇 Ogni passo porta vittoria 🏁✨;🥇 每一步都带来胜利 🏁✨
🌺 Rozkwitnij tam, gdzie zostałeś zasadzony 🌸🌟;🌺 Bloom where you are planted 🌸🌟  ;🌺 Blühe dort, wo du gepflanzt wurdest 🌸🌟;🌺 Florece donde estás plantado 🌸🌟;🌺 Fiorisci dove sei piantato 🌸🌟;🌺 在你扎根的地方绽放 🌸🌟
🎆 Świętuj małe zwycięstwa 🎉✅;🎆 Celebrate small wins 🎉✅  ;🎆 Feiere kleine Erfolge 🎉✅;🎆 Celebra las pequeñas victorias 🎉✅;🎆 Festeggia le piccole vittorie 🎉✅;🎆 庆祝小胜利 🎉✅
🛤️ Droga kształtuje Twoją siłę 🚶💪;🛤️ The road shapes your strength 🚶💪  ;🛤️ Der Weg formt deine Stärke 🚶💪;🛤️ El camino moldea tu fuerza 🚶💪;🛤️ La strada plasma la tua forza 🚶💪;🛤️ 道路塑造你的力量 🚶💪
🦄 Uwierz w magię w sobie ✨💫;🦄 Believe in magic inside you ✨💫  ;🦄 Glaube an die Magie in dir ✨💫;🦄 Cree en la magia dentro de ti ✨💫;🦄 Credi nella magia dentro di te ✨💫;🦄 相信你内心的魔力 ✨💫
🎧 Posłuchaj swojego serca ❤️🎶;🎧 Listen to your heart ❤️🎶  ;🎧 Höre auf dein Herz ❤️🎶;🎧 Escucha a tu corazón ❤️🎶;🎧 Ascolta il tuo cuore ❤️🎶;🎧 倾听你的心声 ❤️🎶
🪶 Lekki jak piórko, mocny jak stal 💪🌟;🪶 Light as a feather, strong as steel 💪🌟  ;🪶 Leicht wie eine Feder, stark wie Stahl 💪🌟;🪶 Ligero como una pluma, fuerte como el acero 💪🌟;🪶 Leggero come una piuma, forte come l'acciaio 💪🌟;🪶 轻如羽毛，坚如钢铁 💪🌟
🏖️ Spokój daje Ci moc 🌊☀️;🏖️ Peace gives you power 🌊☀️  ;🏖️ Frieden gibt dir Kraft 🌊☀️;🏖️ La paz te da poder 🌊☀️;🏖️ La pace ti dà potere 🌊☀️;🏖️ 平和赋予你力量 🌊☀️
🧘 Spokojny umysł = silny duch 🌿💫;🧘 Calm mind = strong spirit 🌿💫  ;🧘 Ruhiger Geist = starker Geist 🌿💫;🧘 Mente tranquila = espíritu fuerte 🌿💫;🧘 Mente calma = spirito forte 🌿💫;🧘 平静的心态 = 强大的精神 🌿💫
⚓ Stąpaj twardo po ziemi, sięgaj wysoko 🌲✈️;⚓ Stay grounded, reach high 🌲✈️  ;⚓ Bleib geerdet, greif nach Höherem 🌲✈️;⚓ Mantente firme, llega alto 🌲✈️;⚓ Rimani con i piedi per terra, punta in alto 🌲✈️;⚓ 脚踏实地，攀登高峰 🌲✈️
🏹 Celuj prosto, leć daleko 🎯🚀;🏹 Aim true, fly far 🎯🚀  ;🏹 Ziele genau, flieg weit 🎯🚀;🏹 Apunta con precisión, vuela lejos 🎯🚀;🏹 Punta dritto, vola lontano 🎯🚀;🏹 目标明确，飞得更远 🎯🚀
🧠 Mądrość rośnie każdego dnia 📚✨;🧠 Wisdom grows daily 📚✨  ;🧠 Weisheit wächst täglich 📚✨;🧠 La sabiduría crece a diario 📚✨;🧠 La saggezza cresce ogni giorno 📚✨;🧠 智慧与日俱增 📚✨
🔮 Zaufaj nieznanemu 🌌💫;🔮 Trust the unknown 🌌💫  ;🔮 Vertraue dem Unbekannten 🌌💫;🔮 Confía en lo desconocido 🌌💫;🔮 Fidati dell'ignoto 🌌💫;🔮 相信未知 🌌💫
🏙️ Błyszcz nawet w ciemności 🌃✨;🏙️ Shine even in the dark 🌃✨  ;🏙️ Leuchte selbst im Dunkeln 🌃✨;🏙️ Brilla incluso en la oscuridad 🌃✨;🏙️ Brilla anche nell'oscurità 🌃✨;🏙️ 即使在黑暗中也要闪耀 🌃✨
🛎️ Twój czas jest teraz ✨⏰;🛎️ Your time is now ✨⏰  ;🛎️ Deine Zeit ist jetzt ✨⏰;🛎️ Tu momento es ahora ✨⏰;🛎️ Il tuo momento è adesso ✨⏰;🛎️ 你的时代到了 ✨⏰
🎲 Podejmuj ryzyko, rośnij w siłę 💪🔥;🎲 Take chances, grow stronger 💪🔥  ;🎲 Ergreife Chancen, werde stärker 💪🔥;🎲 Arriésgate, hazte más fuerte 💪🔥;🎲 Corri dei rischi, diventa più forte 💪🔥;🎲 抓住机会，变得更强大 💪🔥
🪂 Skacz z odwagą 🦁✨;🪂 Leap with courage 🦁✨  ;🪂 Springe mutig 🦁✨;🪂 Salta con valentía 🦁✨;🪂 Fai un salto con coraggio 🦁✨;🪂 一起飞跃勇气 🦁✨
🌳 Zakorzeniony w sile, rosnący w nadziei 🌱🌞;🌳 Rooted in strength, growing in hope 🌱🌞  ;🌳 In Stärke verwurzelt, in Hoffnung wachsend 🌱🌞;🌳 Arraigado en la fuerza, creciendo en la esperanza 🌱🌞;🌳 Radicato nella forza, cresci nella speranza 🌱🌞;🌳 根植于力量，在希望中成长 🌱🌞
🎤 Twój głos ma znaczenie 🔊💖;🎤 Your voice matters 🔊💖  ;🎤 Deine Stimme zählt 🔊💖;🎤 Tu voz importa 🔊💖;🎤 La tua voce conta 🔊💖;🎤 你的声音很重要 🔊💖
💡 Jasne pomysły zmieniają światy 🌍✨;💡 Bright ideas change worlds 🌍✨  ;💡 Gute Ideen verändern Welten 🌍✨;💡 Las ideas brillantes cambian mundos 🌍✨;💡 Le idee brillanti cambiano il mondo 🌍✨;💡 聪明的想法改变世界 🌍✨
🥂 Doceniaj siebie każdego dnia 🎉🌟;🥂 Celebrate yourself daily 🎉🌟  ;🥂 Feiere dich täglich selbst 🎉🌟;🥂 Celébrate a ti mismo a diario 🎉🌟;🥂 Celebra te stesso ogni giorno 🎉🌟;🥂 每天为自己庆祝 🎉🌟
🚪 Każde drzwi otwierają nowe szanse 🌈🚀;🚪 Every door opens new chances 🌈🚀  ;🚪 Jede Tür öffnet neue Chancen 🌈🚀;🚪 Cada puerta abre nuevas oportunidades 🌈🚀;🚪 Ogni porta apre nuove possibilità 🌈🚀;🚪 每扇门都开启新的机会 🌈🚀
🥰 Życzliwość czyni cię silniejszym 💖🛡️;🥰 Kindness makes you stronger 💖🛡️  ;🥰 Freundlichkeit macht dich stärker 💖🛡️;🥰 La amabilidad te hace más fuerte 💖🛡️;🥰 La gentilezza ti rende più forte 💖🛡️;🥰 善良使你更强大 💖🛡️
🛰️ Twoje marzenia nie mają granic 🌌🚀;🛰️ Your dreams have no limits 🌌🚀  ;🛰️ Deine Träume kennen keine Grenzen 🌌🚀;🛰️ Tus sueños no tienen límites 🌌🚀;🛰️ I tuoi sogni non hanno limiti 🌌🚀;🛰️ 你的梦想无极限 🌌🚀
🌋 Wzrasta w Tobie moc 🔥💪;🌋 Power is rising in you 🔥💪  ;🌋 Kraft steigt in dir auf 🔥💪;🌋 El poder está creciendo en ti 🔥💪;🌋 Il potere cresce in te 🔥💪;🌋 力量在你心中升起🔥💪
🤩 Utrzymuj zachwyt 🌟👀;🤩 Keep wonder alive 🌟👀  ;🤩 Halte das Staunen am Leben 🌟👀;🤩 Mantén viva la maravilla 🌟👀;🤩 Mantieni viva la meraviglia 🌟👀;🤩 保持好奇心 🌟👀
🪁 Lataj wysoko, bez ograniczeń 🚀✨;🪁 Fly high, no limits 🚀✨  ;🪁 Flieg hoch hinaus, ohne Grenzen 🚀✨;🪁 Vuela alto, sin límites 🚀✨;🪁 Vola alto, senza limiti 🚀✨;🪁 飞得更高，没有限制 🚀✨
🧭 Twój kierunek jest jasny 🌟➡️;🧭 Your direction is clear 🌟➡️  ;🧭 Deine Richtung ist klar 🌟➡️;🧭 Tu dirección es clara 🌟➡️;🧭 La tua direzione è chiara 🌟➡️;🧭 你的方向很明确 🌟➡️
🌟 Świeć tam, gdzie stoisz 💖☀️;🌟 Shine where you stand 💖☀️  ;🌟 Strahle dort, wo du stehst 💖☀️;🌟 Brilla donde estés 💖☀️;🌟 Brilla dove ti trovi 💖☀️;🌟 在你站立的地方闪耀 💖☀️
🐚 Znajdź wewnętrzny spokój 🌊✨;🐚 Find peace inside 🌊✨  ;🐚 Finde inneren Frieden 🌊✨;🐚 Encuentra la paz interior 🌊✨;🐚 Trova la pace interiore 🌊✨;🐚 寻找内心平静 🌊✨
💥 Jesteś siłą natury 🔥🌍;💥 You are a force of nature 🔥🌍  ;💥 Du bist eine Naturgewalt 🔥🌍;💥 Eres una fuerza de la naturaleza 🔥🌍;💥 Sei una forza della natura 🔥🌍;💥 你是自然的力量🔥🌍
🪞 Odzwierciedlaj swoje najlepsze ja 🌸✨;🪞 Reflect your best self 🌸✨  ;🪞 Spiegele dein bestes Selbst wider 🌸✨;🪞 Refleja tu mejor yo 🌸✨;🪞 Rifletti il ​​meglio di te 🌸✨;🪞 展现最好的自己 🌸✨
🐾 Każdy krok zostawia ślad 🚶🌟;🐾 Every step leaves a mark 🚶🌟  ;🐾 Jeder Schritt hinterlässt Spuren 🚶🌟;🐾 Cada paso deja huella 🚶🌟;🐾 Ogni passo lascia un segno 🚶🌟;🐾 每一步都留下印记 🚶🌟
🏕️ Odkrywaj nowe horyzonty 🌅🌍;🏕️ Explore new horizons 🌅🌍  ;🏕️ Erkunde neue Horizonte 🌅🌍;🏕️ Explora nuevos horizontes 🌅🌍;🏕️ Esplora nuovi orizzonti 🌅🌍;🏕️ 探索新视野 🌅🌍
🎯 Cele są bliżej, niż myślisz ✅✨;🎯 Goals are closer than you think ✅✨  ;🎯 Ziele sind näher als du denkst ✅✨;🎯 Las metas están más cerca que tú Piensa ✅✨;🎯 Gli obiettivi sono più vicini di quanto pensi ✅✨;🎯 目标比你想象的更近✅✨
🐬 Płyń z życiem 🌊💫;🐬 Flow with life 🌊💫  ;🐬 Fließe mit dem Leben 🌊💫;🐬 Fluye con la vida 🌊💫;🐬 Lasciati trasportare dalla vita 🌊💫;🐬 顺其自然 🌊💫
🔔 Obudź swój potencjał ☀️🔥;🔔 Wake up your potential ☀️🔥  ;🔔 Erwecke dein Potenzial ☀️🔥;🔔 Despierta tu potencial ☀️🔥;🔔 Risveglia il tuo potenziale ☀️🔥;🔔 唤醒你的潜能 ☀️🔥
🍀 Szczęście podąża za Twoim wysiłkiem 🌟💪;🍀 Luck follows your effort 🌟💪  ;🍀 Deinen Bemühungen folgt das Glück 🌟💪;🍀 La suerte sigue tu esfuerzo 🌟💪;🍀 La fortuna segue i tuoi sforzi 🌟💪;🍀 努力会带来好运 🌟💪
🎨 Pomaluj swoją przyszłość 🖌️🌈;🎨 Paint your own future 🖌️🌈  ;🎨 Gestalte deine eigene Zukunft 🖌️🌈;🎨 Pinta tu propio futuro 🖌️🌈;🎨 Dipingi il tuo futuro 🖌️🌈;🎨 描绘你自己的未来 🖌️🌈
🥂 Świętuj swoją podróż 🏆✨;🥂 Celebrate your journey 🏆✨  ;🥂 Feiere deine Reise 🏆✨;🥂 Celebra tu viaje 🏆✨;🥂 Celebra il tuo viaggio 🏆✨;🥂 庆祝你的​​旅程 🏆✨
🦅 Rozłóż skrzydła 🌄🚀;🦅 Spread your wings 🌄🚀  ;🦅 Breite deine Flügel aus 🌄🚀;🦅 Abre tus alas 🌄🚀;🦅 Spiega le tue ali 🌄🚀;🦅 展翅高飞 🌄🚀
🧩 Każde wyzwanie Cię dopełnia 💪💎;🧩 Every challenge completes you 💪💎  ;🧩 Jede Herausforderung macht dich komplett 💪💎;🧩 Cada desafío te completa 💪💎;🧩 Ogni sfida ti completa 💪💎;🧩 每一次挑战都让你更加完整 💪💎
🌉 Zbuduj swoją ścieżkę 🛤️🌟;🌉 Build your path 🛤️🌟  ;🌉 Baue deinen Weg 🛤️🌟;🌉 Construye tu camino 🛤️🌟;🌉 Costruisci il tuo percorso 🛤️🌟;🌉 构建你的道路🛤️🌟
📡 Twoja energia przyciąga dobre rzeczy ✨💖;📡 Your energy attracts good things ✨💖  ;📡 Deine Energie zieht Gutes an ✨💖;📡 Tu energía atrae cosas buenas ✨💖;📡 La tua energia attrae cose belle ✨💖;📡 你的能量吸引着美好的事物 ✨💖
🕊️ Spokój daje Ci moc 🌸🛡️;🕊️ Peace gives you power 🌸🛡️  ;🕊️ Frieden gibt dir Kraft 🌸🛡️;🕊️ La paz te da poder 🌸🛡️;🕊️ La pace ti dà potere 🌸🛡️;🕊️ 平和赋予你力量 🌸🛡️
🌌 Jesteś gwiezdnym pyłem i światłem ✨🌟;🌌 You are stardust and light ✨🌟  ;🌌 Du bist Sternenstaub und Licht ✨🌟;🌌 Eres polvo de estrellas y luz ✨🌟;🌌 Sei polvere di stelle e luce ✨🌟;🌌 你是星尘，是光芒 ✨🌟
🎆 Wspaniałe dni zaczynają się od Ciebie ☀️🚀;🎆 Great days start with you ☀️🚀  ;🎆 Tolle Tage beginnen mit dir ☀️🚀;🎆 Los grandes días comienzan contigo ☀️🚀;🎆 Le giornate fantastiche iniziano con te ☀️🚀;🎆 美好的一天从你开始 ☀️🚀
🧃 Odśwież swój umysł 🌿✨;🧃 Refresh your mind 🌿✨  ;🧃 Erfrische deinen Geist 🌿✨;🧃 Refresca tu mente 🌿✨;🧃 Rinfresca la tua mente 🌿✨;🧃 刷新你的思维 🌿✨
🪄 Trzymasz magię w sobie 💫💖;🪄 You hold the magic inside 💫💖  ;🪄 Du trägst die Magie in dir 💫💖;🪄 Llevas la magia dentro 💫💖;🪄 Hai la magia dentro di te 💫💖;🪄 你内心蕴藏着魔力 💫💖
🔑 Odblokuj swoją siłę 🚪💪;🔑 Unlock your strength 🚪💪  ;🔑 Entfessele deine Stärke 🚪💪;🔑 Libera tu fuerza 🚪💪;🔑 Sblocca la tua forza 🚪💪;🔑 释放你的力量 🚪💪
🧶 Nici wysiłku splatają sukces 🏆✨;🧶 Threads of effort weave success 🏆✨  ;🧶 Mit Anstrengung zum Erfolg 🏆✨;🧶 El esfuerzo teje el éxito 🏆✨;🧶 I fili dell'impegno tessono il successo 🏆✨;🧶 努力编织成功 🏆✨
🏔️ Wznieś się ponad strach 🌟🛡️;🏔️ Rise above fear 🌟🛡️  ;🏔️ Überwinde deine Angst 🌟🛡️;🏔️ Supera el miedo 🌟🛡️;🏔️ Supera la paura 🌟🛡️;🏔️ 战胜恐惧 🌟🛡️
🎵 Harmonia zaczyna się od Ciebie 💖🎶;🎵 Harmony starts with you 💖🎶  ;🎵 Harmonie beginnt bei dir 💖🎶;🎵 La armonía empieza contigo 💖🎶;🎵 L'armonia inizia da te 💖🎶;🎵 和谐从你开始 💖🎶
🚦 Zielone światło: idź naprzód ➡️🔥;🚦 Green light: move forward ➡️🔥  ;🚦 Grünes Licht: Geh vorwärts ➡️🔥;🚦 Luz verde: avanza ➡️🔥;🚦 Luce verde: vai avanti ➡️🔥;🚦 绿灯：前进 ➡️🔥
🛡️ Wyzwania wzmacniają Twoją odwagę ⚔️✨;🛡️ Challenges sharpen your courage ⚔️✨  ;🛡️ Herausforderungen stärken deinen Mut ⚔️✨;🛡️ Los desafíos agudizan tu valentía ⚔️✨;🛡️ Le sfide affinano il tuo coraggio ⚔️✨;🛡️ 挑战磨砺你的勇气 ⚔️✨
🌞 Obudź się, przyjdź, zabłyśnij 💫☀️;🌞 Wake up, show up, shine 💫☀️  ;🌞 Wach auf, zeig dich, strahle 💫☀️;🌞 Despierta, preséntate, brilla 💫☀️;🌞 Svegliati, presentati, brilla 💫☀️;🌞醒来，站起来，闪耀光芒 💫☀️
📚 Wiedza buduje pewność siebie 🧠💡;📚 Knowledge builds confidence 🧠💡  ;📚 Wissen schafft Selbstvertrauen 🧠💡;📚 El conocimiento genera confianza 🧠💡;📚 La conoscenza crea fiducia 🧠💡;📚 知识建立自信 🧠💡
🪂 Skocz na głęboką wodę 🚀✨;🪂 Take the leap of faith 🚀✨  ;🪂 Wage den Sprung ins Ungewisse 🚀✨;🪂 Da el salto de fe 🚀✨;🪂 Fai il salto della fede 🚀✨;🪂 迈出信仰的一步 🚀✨
🐉 Ogień jest w Tobie 🔥💪;🐉 The fire is in you 🔥💪  ;🐉 Das Feuer ist in dir 🔥💪;🐉 El fuego está en ti 🔥💪;🐉 Il fuoco è in te 🔥💪;🐉 你心中充满火焰🔥💪
🍎 Odżywiaj ciało i umysł 🌱🌟;🍎 Nourish body and mind 🌱🌟  ;🍎 Nähre Körper und Geist 🌱🌟;🍎 Nutre cuerpo y mente 🌱🌟;🍎 Nutri corpo e mente 🌱🌟;🍎 滋养身心 🌱🌟
🖋️ Napisz pozytywną historię ✨📖;🖋️ Write a positive story ✨📖  ;🖋️ Schreibe eine positive Geschichte ✨📖;🖋️ Escribe una historia positiva ✨📖;🖋️ Scrivi una storia positiva ✨📖;🖋️ 写一个积极的故事 ✨📖
🦜 Niech Twój głos zostanie usłyszany 🔊🌍;🦜 Let your voice be heard 🔊🌍  ;🦜 Lass deine Stimme hören 🔊🌍;🦜 Deja que tu voz se escuche 🔊🌍;🦜 Fai sentire la tua voce 🔊🌍;🦜 让你的声音被听到 🔊🌍
🪙 Jesteś bogaty duchem 💎💖;🪙 You are rich in spirit 💎💖  ;🪙 Du bist reich an Geist 💎💖;🪙 Eres rico de espíritu 💎💖;🪙 Sei ricco di spirito 💎💖;🪙 你精神饱满 💎💖
🚴 Idź naprzód 🌟💫;🚴 Keep rolling forward 🌟💫  ;🚴 Roll weiter vorwärts 🌟💫;🚴 Sigue adelante 🌟💫;🚴 Continua ad andare avanti 🌟💫;🚴 继续前进 🌟💫
🌹 Siła rośnie z miłością ❤️💪;🌹 Strength grows with love ❤️💪  ;🌹 Kraft wächst mit Liebe ❤️💪;🌹 La fuerza crece con el amor ❤️💪;🌹 La forza cresce con l'amore ❤️💪;🌹 力量因爱而增长 ❤️💪
🪐 Czekają Cię nieograniczone możliwości 🌌🚀;🪐 Endless possibilities await 🌌🚀  ;🪐 Unendliche Möglichkeiten warten 🌌🚀;🪐 Te esperan infinitas posibilidades 🌌🚀;🪐 Infinite possibilità ti aspettano 🌌🚀;🪐 无限可能在等待着你 🌌🚀
🪁 Niech nadzieja niesie Cię wyżej ☀️✨;🪁 Let hope carry you higher ☀️✨  ;🪁 Lass dich von der Hoffnung höher tragen ☀️✨;🪁 Deja que la esperanza te lleve más alto ☀️✨;🪁 Lascia che la speranza ti porti più in alto ☀️✨;🪁 让希望带你飞得更高 ☀️✨
🧘 Oddychaj, skup się, wierz 🌿💖;🧘 Breathe, focus, believe 🌿💖  ;🧘 Atme, konzentriere dich, glaube 🌿💖;🧘 Respira, concéntrate, cree 🌿💖;🧘 Respira, concentrati, credi 🌿💖;🧘 呼吸，专注，相信 🌿💖
🥇 Twoje nastawienie to Twoje złoto 🌟🏆;🥇 Your mindset is your gold 🌟🏆  ;🥇 Deine Einstellung ist dein Gold 🌟🏆;🥇 Tu mentalidad es tu oro 🌟🏆;🥇 La tua mentalità è il tuo oro 🌟🏆;🥇 你的心态就是你的黄金 🌟🏆
🏹 Celuj wysoko, leć daleko 🚀✨;🏹 Aim high, fly far 🚀✨  ;🏹 Ziele hoch, flieg weit 🚀✨;🏹 Apunta alto, vuela lejos 🚀✨;🏹 Punta in alto, vola lontano 🚀✨;🏹 志存高远，展翅高飞 🚀✨
🪔 Zapal swoją wewnętrzną lampę 🔦🌟;🪔 Light your inner lamp 🔦🌟  ;🪔 Zünde deine innere Lampe an 🔦🌟;🪔 Enciende tu lámpara interior 🔦🌟;🪔 Accendi la tua lampada interiore 🔦🌟;🪔 点亮你内心的灯 🔦🌟
🚢 Wypłyń poza swoje lęki 🌊💫;🚢 Sail beyond your fears 🌊💫  ;🚢 Überwinde deine Ängste 🌊💫;🚢 Navega más allá de tus miedos 🌊💫;🚢 Naviga oltre le tue paure 🌊💫;🚢 扬帆，超越恐惧 🌊💫
🦋 Transformacja to siła ✨🌟;🦋 Transformation is power ✨🌟  ;🦋 Transformation ist Kraft ✨🌟;🦋 La transformación es poder ✨🌟;🦋 La trasformazione è potere ✨🌟;🦋 变革就是力量 ✨🌟
⚓ Pozostań zakorzeniony, sięgaj wyżej 🌳☀️;⚓ Stay rooted, reach higher 🌳☀️  ;⚓ Bleib verwurzelt, strebe nach Höherem 🌳☀️;⚓ Mantente firme, llega más alto 🌳☀️;⚓ Rimani radicato, punta più in alto 🌳☀️;⚓ 扎根基业，更上一层楼 🌳☀️
💬 Mów z odwagą 🧡✨;💬 Speak with courage 🧡✨  ;💬 Sprich mit Mut 🧡✨;💬 Habla con valentía 🧡✨;💬 Parla con coraggio 🧡✨;💬 勇敢发言 🧡✨
🎇 Stwórz własną iskrę 💡🔥;🎇 Create your own spark 💡🔥  ;🎇 Entfache deinen eigenen Funken 💡🔥;🎇 Crea tu propia chispa 💡🔥;🎇 Crea la tua scintilla 💡🔥;🎇 创造你自己的火花 💡🔥
🍃 Przyjmij zmiany z otwartymi ramionami 🌟✨;🍃 Embrace change with open arms 🌟✨  ;🍃 Nimm Veränderungen mit offenen Armen an 🌟✨;🍃 Abraza el cambio con los brazos abiertos 🌟✨;🍃 Accogli il cambiamento a braccia aperte 🌟✨;🍃 张开双臂拥抱改变 🌟✨
🌻 Pozwól, aby Twoje marzenia Cię prowadziły 🌠💖;🌻 Let your dreams guide you 🌠💖  ;🌻 Lass dich von deinen Träumen leiten 🌠💖;🌻 Deja que tus sueños te guíen 🌠💖;🌻 Lascia che i tuoi sogni ti guidino 🌠💖;🌻 让你的梦想指引你 🌠💖
🔥 Rozpalaj swoją pasję każdego dnia 💪🧡;🔥 Fuel your passion every day 💪🧡  ;🔥 Befeuere deine Leidenschaft jeden Tag 💪🧡;🔥 Alimenta tu pasión cada día 💪🧡;🔥 Alimenta la tua passione ogni giorno 💪🧡;🔥 每天激发你的热情 💪🧡
🌿 Stań się silniejszy poprzez wyzwania 🌱💚;🌿 Grow stronger through challenges 🌱💚  ;🌿 Werde stärker durch Herausforderungen 🌱💚;🌿 Hazte más fuerte a través de los desafíos 🌱💚;🌿 Diventa più forte attraverso le sfide 🌱💚;🌿 在挑战中成长 🌱💚
🛤️ Zaufaj ścieżce, którą podążasz 🚶‍♂️🌈;🛤️ Trust the path you’re on 🚶‍♂️🌈  ;🛤️ Vertraue dem Weg, auf dem du bist 🚶‍♂️🌈;🛤️ Confía en el camino que estás recorriendo 🚶‍♂️🌈;🛤️ Fidati del percorso che stai seguendo 🚶‍♂️🌈;🛤️ 相信你所走的道路 🚶‍♂️🌈
🌊 Płyń jak woda, dostosowuj się i prosperuj 💙🔷;🌊 Flow like water, adapt and thrive 💙🔷  ;🌊 Fließe wie Wasser, passe dich an und gedeihe 💙🔷;🌊 Fluye como el agua, adáptate y prospera 💙🔷;🌊 Fluisci come l'acqua, adattati e prospera 💙🔷;🌊 像水一样流动，适应并茁壮成长 💙🔷
💫 Wierz w swoją nieskończoność potencjał 🌌🎆;💫 Believe in your endless potential 🌌🎆  ;💫 Glaube an deine Unendlichkeit Potenzial 🌌🎆;💫 Cree en tu infinito Potencial 🌌🎆;💫 Credi nel tuo infinito Potenziale 🌌🎆;💫 相信你永无止境的潜能 🌌🎆
🎐 Znajdź spokój w każdej chwili 🕊️🩵;🎐 Find peace in every moment 🕊️🩵  ;🎐 Finde Frieden in jedem Moment 🕊️🩵;🎐 Encuentra la paz en cada momento 🕊️🩵;🎐 Trova la pace in ogni momento 🕊️🩵;🎐 在每个时刻找到平静 🕊️🩵
🏔️ Wspinaj się wyżej, patrz dalej 🧗‍♂️⚡;🏔️ Climb higher, see further 🧗‍♂️⚡  ;🏔️ Höher klettern, weiter sehen 🧗‍♂️⚡;🏔️ Sube más alto, ve más allá 🧗‍♂️⚡;🏔️ Sali più in alto, guarda oltre 🧗‍♂️⚡;🏔️ 攀登更高，看得更远 🧗‍♂️⚡
🌸 Rozkwitaj z pewnością siebie i wdziękiem 💮💜;🌸 Bloom with confidence and grace 💮💜  ;🌸 Blühe mit Selbstvertrauen und Anmut auf 💮💜;🌸 Florece con confianza y gracia 💮💜;🌸 Fiorisci con sicurezza e grazia 💮💜;🌸 自信优雅地绽放 💮💜
🦄 Bądź sobą, zawsze 🌈🍀;🦄 Be uniquely you, always 🌈🍀  ;🦄 Sei immer du selbst 🌈🍀;🦄 Sé único, siempre 🌈🍀;🦄 Sii unico e irripetibile, sempre 🌈🍀;🦄 永远做独一无二的自己 🌈🍀
🎯 Skup się ostro, celuj prosto 🏹🧡;🎯 Focus sharp, aim true 🏹🧡  ;🎯 Konzentriere dich scharf, ziele richtig 🏹🧡;🎯 Enfócate con precisión, apunta con precisión 🏹🧡;🎯 Concentrati, mira dritto 🏹🧡;🎯 专注专注，目标明确 🏹🧡
🦋 Zmień swój umysł, ciało i duszę 🐚🔥;🦋 Transform your mind, body, and soul 🐚🔥  ;🦋 Verwandle deinen Geist, Körper und deine Seele 🐚🔥;🦋 Transforma tu mente, cuerpo y alma 🐚🔥;🦋 Trasforma la tua mente, il tuo corpo e la tua anima 🐚🔥;🦋 改变你的思想、身体和灵魂 🐚🔥
💥 Przełamuj ograniczenia, wyznaczaj nowe cele 🚀🎇;💥 Break limits, set new goals 🚀🎇  ;💥 Überschreite Grenzen, setze dir neue Ziele 🚀🎇;💥 Rompe límites, establece nuevas metas 🚀🎇;💥 Supera i limiti, stabilisci nuovi obiettivi 🚀🎇;💥 突破极限，设定新目标 🚀🎇
🌞 Emanuj pozytywnością wokół siebie ☀️✨;🌞 Radiate positivity around you ☀️✨  ;🌞 Strahle Positivität um dich herum aus ☀️✨;🌞 Irradia positividad a tu alrededor ☀️✨;🌞 Irradia positività intorno a te ☀️✨;🌞 在你周围散发正能量 ☀️✨
🌍 Pozostaw pozytywny wpływ, gdziekolwiek pójdziesz ♻️💫;🌍 Leave a positive impact wherever you go ♻️💫  ;🌍 Hinterlasse einen positiven Eindruck, wo immer du hingehst ♻️💫;🌍 Deja un impacto positivo dondequiera que vayas ♻️💫;🌍 Lascia un impatto positivo ovunque tu vada ♻️💫;🌍 无论走到哪里，都要留下积极的影响 ♻️💫
🎨 Twórz piękno w codziennym życiu 🖌️💖;🎨 Create beauty in everyday life 🖌️💖  ;🎨 Schaffe Schönheit im Alltag 🖌️💖;🎨 Crea belleza en la vida cotidiana 🖌️💖;🎨 Crea bellezza nella vita di tutti i giorni 🖌️💖;🎨 在日常生活中创造美丽 🖌️💖
🌟 Świeć swoim światłem, wielkim i jasnym 💡🔆;🌟 Shine your light, big and bright 💡🔆  ;🌟 Lass dein Licht, groß und hell 💡🔆;🌟 Ilumina tu vida, grande y brillante 💡🔆;🌟 Fai brillare la tua luce, grande e luminosa 💡🔆;🌟 闪耀你的光芒，更明亮 💡🔆
💪 Pokonuj przeszkody z odwagą 🦁🎯;💪 Power through obstacles with courage 🦁🎯  ;💪 Überwinde Hindernisse mit Mut 🦁🎯;💪 Supera los obstáculos con valentía 🦁🎯;💪 Supera gli ostacoli con coraggio 🦁🎯;💪 勇敢地克服障碍 🦁🎯
🏆 Świętuj każde zwycięstwo, duże czy małe 🎉🥇;🏆 Celebrate every victory, big or small 🎉🥇  ;🏆 Feiere jeden Sieg, ob groß oder klein 🎉🥇;🏆 Celebra cada victoria, grande o pequeña 🎉🥇;🏆 Festeggia ogni vittoria, grande o piccola 🎉🥇;🏆 庆祝每一次胜利，无论大小 🎉🥇
🌿 Karm swoją duszę każdego dnia 🌸🦚;🌿 Nourish your soul daily 🌸🦚  ;🌿 Nähre deine Seele täglich 🌸🦚;🌿 Nutre tu alma a diario 🌸🦚;🌿 Nutri la tua anima ogni giorno 🌸🦚;🌿 每天滋养你的灵魂 🌸🦚
🚀 Spełniaj swoje marzenia z pewnością siebie 🛫🐾;🚀 Launch into your dreams with confidence 🛫🐾  ;🚀 Starte voller Zuversicht in deine Träume 🛫🐾;🚀 Lánzate a tus sueños con confianza 🛫🐾;🚀 Lanciati nei tuoi sogni con fiducia 🛫🐾;🚀 满怀信心地追逐梦想 🛫🐾
🧩 Połącz każdy element swojej historii w całość 📖🦜;🧩 Put every piece of your story together 📖🦜  ;🧩 Füge jedes Stück deiner Geschichte zusammen 📖🦜;🧩 Une cada pieza de tu historia 📖🦜;🧩 Metti insieme ogni pezzo della tua storia 📖🦜;🧩 把你的故事拼凑起来 📖🦜
🌈 Pomaluj swoją przyszłość żywymi kolorami 🖌️🥀;🌈 Paint your future with vibrant colors 🖌️🥀  ;🌈 Male deine Zukunft mit leuchtenden Farben 🖌️🥀;🌈 Pinta tu futuro con colores vibrantes 🖌️🥀;🌈 Dipingi il tuo futuro con colori vivaci 🖌️🥀;🌈 用鲜艳的色彩描绘你的未来 🖌️🥀
🦅 Wznieś się ponad swoje lęki 🦅🦋;🦅 Soar beyond your fears 🦅🦋  ;🦅 Überwinde deine Ängste 🦅🦋;🦅 Vuela más allá de tus miedos 🦅🦋;🦅 Vola oltre le tue paure 🦅🦋;🦅 超越恐惧 🦅🦋
🌻 Rozwijaj się z wdzięcznością i radością 🌞💛;🌻 Grow with gratitude and joy 🌞💛  ;🌻 Wachse mit Dankbarkeit und Freude 🌞💛;🌻 Crece con gratitud y alegría 🌞💛;🌻 Cresci con gratitudine e gioia 🌞💛;🌻 带着感恩和喜悦成长 🌞💛
🪂 Podejmuj odważne kroki bez strachu 🦋✨;🪂 Take brave leaps without fear 🦋✨  ;🪂 Wage mutige Sprünge ohne Angst 🦋✨;🪂 Da saltos valientes sin miedo 🦋✨;🪂 Fai passi coraggiosi senza paura 🦋✨;🪂 无所畏惧地勇敢跨越 🦋✨
🔥 Rozpalaj ogień w sobie każdego dnia 🔥🧡;🔥 Ignite the fire within you every day 🔥🧡  ;🔥 Entzünde jeden Tag das Feuer in dir 🔥🧡;🔥 Enciende el fuego que llevas dentro cada día 🔥🧡;🔥 Accendi il fuoco dentro di te ogni giorno 🔥🧡;🔥 每天点燃你内心的火焰 🔥🧡
🌙 Miej wielkie marzenia, nawet gdy noc jest ciemna 🌌🌓;🌙 Dream big even when the night is dark 🌌🌓  ;🌙 Träume groß, auch wenn die Nacht dunkel ist 🌌🌓;🌙 Sueña en grande incluso cuando la noche es oscura 🌌🌓;🌙 Sogna in grande anche quando la notte è buia 🌌🌓;🌙 即使夜色漆黑，也要胸怀大志 🌌🌓
🕊️ Rozsiewaj życzliwość, gdziekolwiek jesteś 🤗💦;🕊️ Spread kindness wherever you go 🤗💦  ;🕊️ Verbreite Freundlichkeit, wo immer du hingehst 🤗💦;🕊️ Reparte bondad dondequiera que vayas 🤗💦;🕊️ Diffondi gentilezza ovunque tu vada 🤗💦;🕊️ 无论走到哪里，都要传播善意🤗💦
🏹 Celuj w gwiazdy bez wahania 🌠💫;🏹 Shoot for the stars without hesitation 🌠💫  ;🏹 Greife ohne zu zögern nach den Sternen 🌠💫;🏹 Apunta a las estrellas sin dudarlo 🌠💫;🏹 Punta alle stelle senza esitazione 🌠💫;🏹 毫不犹豫地向星星射击🌠💫
🛶 Nawiguj swoją podróż z siłą 🛶🌿;🛶 Navigate your journey with strength 🛶🌿  ;🛶 Navigiere mit Kraft auf deinem Weg 🛶🌿;🛶 Navega tu camino con fuerza 🛶🌿;🛶 Affronta il tuo viaggio con forza 🛶🌿;🛶 用力量引领你的旅程🛶🌿
🌟 Osiągaj sukces ciężką pracą 💼🗝️;🌟 Manifest success through hard work 💼🗝️  ;🌟 Manifestiere Erfolg durch harte Arbeit 💼🗝️;🌟 Manifiesta el éxito a través del trabajo duro 💼🗝️;🌟 Manifesta il successo attraverso il duro lavoro 💼🗝️;🌟 通过努力工作实现成功💼🗝️
🌳 Oddychaj głęboko, pozostań uziemiony 🌾🌱;🌳 Breathe deeply, stay grounded 🌾🌱  ;🌳 Atme tief durch, bleibe geerdet 🌾🌱;🌳 Respira hondo, mantente firme 🌾🌱;🌳 Respira profondamente, resta con i piedi per terra 🌾🌱;🌳 深呼吸，脚踏实地🌾🌱
✨ Wierz, że Twoje najlepsze dni jeszcze nadejdą 🌞🦚;✨ Believe your best days are yet to come 🌞🦚  ;✨ Glaube daran, dass deine besten Tage noch kommen 🌞🦚;✨ Cree que tus mejores días están por venir 🌞🦚;✨ Credi che i tuoi giorni migliori debbano ancora arrivare 🌞🦚;✨ 相信你最好的日子尚未到来🌞🦚
🎶 Niech radość będzie Twoją ścieżką dźwiękową 🎵😄;🎶 Let joy be your soundtrack 🎵😄  ;🎶 Lass Freude dein Soundtrack sein 🎵😄;🎶 Deja que la alegría sea tu banda sonora 🎵😄;🎶 Lascia che la gioia sia la tua colonna sonora 🎵😄;🎶 让快乐成为你的配乐🎵😄
🧠 Karm swój umysł pozytywnymi myślami 💭🤍;🧠 Feed your mind with positive thoughts 💭🤍  ;🧠 Füttere deinen Geist mit positiven Gedanken 💭🤍;🧠 Alimenta tu mente con pensamientos positivos 💭🤍;🧠 Nutri la tua mente con pensieri positivi 💭🤍;🧠 用积极的想法滋养你的心灵💭🤍
🌅 Przyjmuj każdy nowy dzień z nadzieją 🌈🧩;🌅 Embrace each new day with hope 🌈🧩  ;🌅 Begrüße jeden neuen Tag mit Hoffnung 🌈🧩;🌅 Abraza cada nuevo día con esperanza 🌈🧩;🌅 Abbraccia ogni nuovo giorno con speranza 🌈🧩;🌅 用希望拥抱每个新的一天🌈🧩
💗 Kochaj siebie bezwarunkowo 💖🌸;💗 Love yourself unconditionally 💖🌸  ;💗 Liebe dich selbst bedingungslos 💖🌸;💗 Ámate incondicionalmente 💖🌸;💗 Ama te stesso incondizionatamente 💖🌸;💗 无条件地爱自己💖🌸
🌊 Płyń na falach zmian z wdziękiem 🌊⚡;🌊 Ride the waves of change with grace 🌊⚡  ;🌊 Reite mit Anmut auf den Wellen des Wandels 🌊⚡;🌊 Monta las olas de cambio con gracia 🌊⚡;🌊 Cavalca le onde del cambiamento con grazia 🌊⚡;🌊 优雅地乘风破浪🌊⚡
🍀 Uwierz w swoją siłę dzisiaj 🌟💫;🍀 Believe in your strength today 🌟💫  ;🍀 Glaube heute an deine Stärke 🌟💫;🍀 Cree en tu fuerza hoy 🌟💫;🍀 Credi nella tua forza oggi 🌟💫;🍀 今天就相信你的力量🌟💫
🌼 Ciesz się radością z prostych chwil 🌞🎉;🌼 Embrace joy in simple moments 🌞🎉  ;🌼 Genieße die Freude an einfachen Momenten 🌞🎉;🌼 Abraza la alegría en los momentos sencillos 🌞🎉;🌼 Accogli la gioia nei momenti semplici 🌞🎉;🌼 在简单的时刻拥抱快乐 🌞🎉
⭐ Skup się, osiągnij swoje cele 🎯🏅;⭐ Keep your focus, reach your goals 🎯🏅  ;⭐ Behalte deinen Fokus und erreiche deine Ziele 🎯🏅;⭐ Mantén tu enfoque, alcanza tus metas 🎯🏅;⭐ Mantieni la concentrazione, raggiungi i tuoi obiettivi 🎯🏅;⭐ 保持专注，达成目标 🎯🏅
💧 Pozwól, aby spokój wypełnił Twój umysł 🌿🕊️;💧 Let calmness fill your mind 🌿🕊️  ;💧 Lass Ruhe deinen Geist erfüllen 🌿🕊️;💧 Deja que la calma llene tu mente 🌿🕊️;💧 Lascia che la calma riempia la tua mente 🌿🕊️;💧 让平静充满你的心灵 🌿🕊️
🌺 Rozwijaj się z miłością i cierpliwością 🌹🌸;🌺 Grow with love and patience 🌹🌸  ;🌺 Wachse mit Liebe und Geduld 🌹🌸;🌺 Crece con amor y paciencia 🌹🌸;🌺 Cresci con amore e pazienza 🌹🌸;🌺 用爱和耐心成长 🌹🌸
🎈 Świętuj postępy, bez względu na to, jak małe 🎊🎖️;🎈 Celebrate progress, no matter how small 🎊🎖️  ;🎈 Feiere Fortschritte, egal wie klein sie sind 🎊🎖️;🎈 Celebra el progreso, sin importar lo pequeño que sea 🎊🎖️;🎈 Celebra i progressi, non importa quanto piccoli 🎊🎖️;🎈 无论进步多么微小，都要庆祝 🎊🎖️
🌻 Świeć swoim światłem i inspiruj innych 💡✨;🌻 Shine your light and inspire others 💡✨  ;🌻 Lass dein Licht leuchten und inspiriere andere 💡✨;🌻 Ilumina e inspira a otros 💡✨;🌻 Fai brillare la tua luce e ispira gli altri 💡✨;🌻 闪耀你的光芒，激励他人 💡✨
🏵️ Bądź pozytywny i pełen nadziei 🌈🦋;🏵️ Stay positive and hopeful 🌈🦋  ;🏵️ Bleib positiv und hoffnungsvoll 🌈🦋;🏵️ Mantente positivo y esperanzado 🌈🦋;🏵️ Rimani positivo e fiducioso 🌈🦋;🏵️ 保持积极乐观 🌈🦋
🎵 Twórz własną muzykę 🎤🎸;🎵 Make your own kind of music 🎤🎸  ;🎵 Mach deine eigene Musik 🎤🎸;🎵 Crea tu propia música 🎤🎸;🎵 Crea il tuo genere musicale 🎤🎸;🎵 创作你自己的音乐 🎤🎸
🦚 Śmiało wyrażaj swoje prawdziwe ja 🎨📝;🦚 Boldly express your true self 🎨📝  ;🦚 Drücke mutig dein wahres Ich aus 🎨📝;🦚 Expresa con valentía tu verdadero ser 🎨📝;🦚 Esprimi con coraggio il tuo vero io 🎨📝;🦚 大胆地表达真实的自我 🎨📝
🌞 Powstań i podbij dzień 🏔️🚀;🌞 Rise and conquer the day 🏔️🚀  ;🌞 Steh auf und meistere den Tag 🏔️🚀;🌞 Levántate y conquista el día 🏔️🚀;🌞 Sorgi e conquista la giornata 🏔️🚀;🌞 振作起来，征服每一天 🏔️🚀
🌙 Śnij swobodnie i z pasją 🦄🌠;🌙 Dream freely and with passion 🦄🌠  ;🌙 Träume frei und leidenschaftlich 🦄🌠;🌙 Sueña con libertad y pasión 🦄🌠;🌙 Sogna liberamente e con passione 🦄🌠;🌙 自由地、充满激情地追梦 🦄🌠
🦉 Mądrość prowadzi Cię w Twojej podróży 📚💡;🦉 Wisdom guides your journey 📚💡  ;🦉 Weisheit leitet deine Reise 📚💡;🦉 La sabiduría guía tu camino 📚💡;🦉 La saggezza guida il tuo viaggio 📚💡;🦉 智慧指引你的旅程 📚💡
🔥 Rozpal swój wewnętrzny ogień i zabłyśnij 🌟⚡;🔥 Fuel your inner fire and shine 🌟⚡  ;🔥 Schüre dein inneres Feuer und strahle 🌟⚡;🔥 Alimenta tu fuego interior y brilla 🌟⚡;🔥 Alimenta il tuo fuoco interiore e brilla 🌟⚡;🔥 点燃你内心的火焰，闪耀光芒 🌟⚡
🌊 Płyń z rytmem życia 🎣🌾;🌊 Flow with life’s rhythm 🎣🌾  ;🌊 Fließe mit dem Rhythmus des Lebens 🎣🌾;🌊 Fluye con el ritmo de la vida 🎣🌾;🌊 Lasciati trasportare dal ritmo della vita 🎣🌾;🌊 顺应生活的节奏 🎣🌾
🏹 Celuj wysoko i zaufaj swoim umiejętnościom 🎯🐾;🏹 Aim high and trust your skills 🎯🐾  ;🏹 Setze dir hohe Ziele und vertraue deinen Fähigkeiten 🎯🐾;🏹 Apunta alto y confía en tus habilidades 🎯🐾;🏹 Punta in alto e abbi fiducia nelle tue capacità 🎯🐾;🏹 志存高远，相信自己的技能 🎯🐾
🦜 Rozsiewaj życzliwość, gdziekolwiek się udasz 🤗💞;🦜 Spread kindness wherever you go 🤗💞  ;🦜 Verbreite Freundlichkeit, wo immer du hingehst 🤗💞;🦜 Reparte amabilidad dondequiera que vayas 🤗💞;🦜 Diffondi gentilezza ovunque tu vada 🤗💞;🦜 无论走到哪里，都要传播善意 🤗💞
💎 Rozpoznaj swoją wyjątkową wartość ✨🌟;💎 Recognize your unique value ✨🌟  ;💎 Erkenne deinen einzigartigen Wert ✨🌟;💎 Reconoce tu valor único ✨🌟;💎 Riconosci il tuo valore unico ✨🌟;💎 认识到你独特的价值 ✨🌟
🌳 Trwaj mocno w swoich przekonaniach 🌲🛤️;🌳 Stand firm in your beliefs 🌲🛤️  ;🌳 Stehe fest zu deinen Überzeugungen 🌲🛤️;🌳 Mantente firme en tus creencias 🌲🛤️;🌳 Rimani saldo nelle tue convinzioni 🌲🛤️;🌳 坚定你的信念 🌲🛤️
🦢 Ciesz się spokojem i pogodą ducha 🌿🍃;🦢 Embrace peace and serenity 🌿🍃  ;🦢 Genieße Frieden und Gelassenheit 🌿🍃;🦢 Abraza la paz y la serenidad 🌿🍃;🦢 Abbraccia la pace e la serenità 🌿🍃;🦢 拥抱平和与宁静 🌿🍃
🌈 Pomaluj swoje życie żywymi kolorami 🎨🌸;🌈 Paint your life with vibrant colors 🎨🌸  ;🌈 Male dein Leben mit leuchtenden Farben 🎨🌸;🌈 Pinta tu vida de colores vibrantes 🎨🌸;🌈 Dipingi la tua vita con colori vivaci 🎨🌸;🌈 用鲜艳的色彩描绘你的生活 🎨🌸
🐉 Stawiaj czoła wyzwaniom z odwagą 💪🔥;🐉 Face challenges with courage 💪🔥  ;🐉 Stelle dich Herausforderungen mit Mut 💪🔥;🐉 Enfrenta los desafíos con valentía 💪🔥;🐉 Viso Affronta le sfide con coraggio 💪🔥;🐉 勇敢面对挑战 💪🔥
🦅 Wznieś się ponad strach i wątpliwości 🌟🦄;🦅 Fly above fear and doubt 🌟🦄  ;🦅 Überwinde Angst und Zweifel 🌟🦄;🦅 Vuela por encima del miedo y la duda 🌟🦄;🦅 Vola sopra la paura e il dubbio 🌟🦄;🦅 超越恐惧和怀疑 🌟🦄
🏖️ Znajdź spokój pośród chaosu 🌬️☀️;🏖️ Find calm amidst the chaos 🌬️☀️  ;🏖️ Finde Ruhe inmitten des Chaos 🌬️☀️;🏖️ Encuentra la calma en medio del caos 🌬️☀️;🏖️ Trova la calma in mezzo al caos 🌬️☀️;🏖️ 在混乱中找到平静 🌬️☀️
🎣 Rzuć swoje nadzieje w przyszłość 🎯🐟;🎣 Cast your hopes into the future 🎯🐟  ;🎣 Setze deine Hoffnungen auf die Zukunft 🎯🐟;🎣 Lanza tus esperanzas hacia el futuro 🎯🐟;🎣 Rivolgi le tue speranze al futuro 🎯🐟;🎣 将希望寄托于未来 🎯🐟
🦋 Zamień niepewność w siłę 🦚✨;🦋 Transform uncertainty into strength 🦚✨  ;🦋 Verwandle Unsicherheit in Stärke 🦚✨;🦋 Transforma la incertidumbre en fuerza 🦚✨;🦋 Trasforma l'incertezza in forza 🦚✨;🦋 将不确定性转化为力量 🦚✨
🌺 Rozkwitaj z wdzięcznością każdego dnia 🌼🎀;🌺 Bloom with gratitude every day 🌼🎀  ;🌺 Erfülle jeden Tag deine Träume mit Dankbarkeit 🌼🎀;🌺 Florece con gratitud cada día 🌼🎀;🌺 Fiorisci di gratitudine ogni giorno 🌼🎀;🌺 每天都心怀感恩 🌼🎀
🚀 Kieruj się ku swoim marzeniom 🌌🌟;🚀 Propel yourself toward your dreams 🌌🌟  ;🚀 Treibe dich deinen Träumen entgegen 🌌🌟;🚀 Impulsate hacia tus sueños 🌌🌟;🚀 Spingiti verso i tuoi sogni 🌌🌟;🚀 朝着梦想前进 🌌🌟
🌟 Uwierz w cuda i magię 🌀💫;🌟 Believe in miracles and magic 🌀💫  ;🌟 Glaube an Wunder und Magie 🌀💫;🌟 Cree en milagros y magia 🌀💫;🌟 Credi nei miracoli e nella magia 🌀💫;🌟 相信奇迹和魔法 🌀💫
🕯️ Rozświetl swoją ścieżkę nadzieją i miłością 💖🌙;🕯️ Light your path with hope and love 💖🌙  ;🕯️ Erleuchte deinen Weg mit Hoffnung und Liebe 💖🌙;🕯️ Ilumina tu camino con esperanza y amor 💖🌙;🕯️ Illumina il tuo cammino con speranza e amore 💖🌙;🕯️ 用希望和爱照亮你的道路 💖🌙
🌈 Pomaluj swoje życie żywymi kolorami 🎨🌸;🌈 Paint your life with vibrant colors 🎨🌸  ;🌈 Male dein Leben mit leuchtenden Farben 🎨🌸;🌈 Pinta tu vida de colores vibrantes 🎨🌸;🌈 Dipingi la tua vita con colori vivaci 🎨🌸;🌈 用鲜艳的色彩描绘你的生活 🎨🌸
🐉 Staw czoła wyzwaniom z odwagą 💪🔥;🐉 Face challenges with courage 💪🔥  ;🐉 Stelle dich Herausforderungen mit Mut 💪🔥;🐉 Enfrenta los desafíos con valentía 💪🔥;🐉 Affronta le sfide con coraggio 💪🔥;🐉 勇敢面对挑战 💪🔥
🦅 Wznieś się ponad strach i wątpliwości 🌟🦄;🦅 Fly above fear and doubt 🌟🦄  ;🦅 Überwinde Angst und Zweifel 🌟🦄;🦅 Vuela por encima del miedo y la duda 🌟🦄;🦅 Vola sopra la paura e il dubbio 🌟🦄;🦅 超越恐惧和怀疑 🌟🦄
🏖️ Znajdź spokój pośród chaosu 🌬️☀️;🏖️ Find calm amidst the chaos 🌬️☀️  ;🏖️ Finde Ruhe inmitten des Chaos 🌬️☀️;🏖️ Encuentra la calma en medio del caos 🌬️☀️;🏖️ Trova la calma in mezzo al caos 🌬️☀️;🏖️ 在混乱中找到平静 🌬️☀️
🎣 Rzuć swoje nadzieje w przyszłość 🎯🐟;🎣 Cast your hopes into the future 🎯🐟  ;🎣 Setze deine Hoffnungen auf die Zukunft 🎯🐟;🎣 Envía tus esperanzas al futuro 🎯🐟;🎣 Rivolgi le tue speranze al futuro 🎯🐟;🎣 将希望寄托于未来 🎯🐟
🦋 Przekształć niepewność w siłę 🦚✨;🦋 Transform uncertainty into strength 🦚✨  ;🦋 Verwandle Unsicherheit in Stärke 🦚✨;🦋 Transforma la incertidumbre en fuerza 🦚✨;🦋 Trasforma l'incertezza in forza 🦚✨;🦋 将不确定性转化为力量🦚✨
🌺 Rozkwitaj z wdzięcznością każdego dnia 🌼🎀;🌺 Bloom with gratitude every day 🌼🎀  ;🌺 Blühe jeden Tag mit Dankbarkeit auf 🌼🎀;🌺 Florece con gratitud cada día 🌼🎀;🌺 Fiorisci di gratitudine ogni giorno 🌼🎀;🌺 每天都心怀感恩 🌼🎀
🚀 Kieruj się ku swoim marzeniom 🌌🌟;🚀 Propel yourself toward your dreams 🌌🌟  ;🚀 Treibe dich deinen Träumen entgegen 🌌🌟;🚀 Impulsa tus sueños 🌌🌟;🚀 Spingiti verso i tuoi sogni 🌌🌟;🚀 朝着梦想前进 🌌🌟
🌟 Uwierz w cuda i magię 🌀💫;🌟 Believe in miracles and magic 🌀💫  ;🌟 Glaube an Wunder und Magie 🌀💫;🌟 Cree en milagros y magia 🌀💫;🌟 Credi nei miracoli e nella magia 🌀💫;🌟 相信奇迹和魔法 🌀💫
🕯️ Rozświetl swoją drogę nadzieją i miłością 💖🌙;🕯️ Light your path with hope and love 💖🌙  ;🕯️ Erleuchte deinen Weg mit Hoffnung und Liebe 💖🌙;🕯️ Ilumina tu camino con esperanza y amor 💖🌙;🕯️ Illumina il tuo cammino con speranza e amore 💖🌙;🕯️ 用希望和爱照亮你的道路 💖🌙
🌜 Zaakceptuj swoją wyjątkowość i moc 👑🛡️;🌜 Embrace your uniqueness and power 👑🛡️  ;🌜 Umarme deine Einzigartigkeit und Kraft 👑🛡️;🌜 Acepta tu singularidad y poder 👑🛡️;🌜 Abbraccia la tua unicità e il tuo potere 👑🛡️;🌜 拥抱你的独特和力量 👑🛡️
🏞️ Odkrywaj nowe możliwości z odwagą 🥾🎒;🏞️ Explore new opportunities with courage 🥾🎒  ;🏞️ Erkunde mutig neue Möglichkeiten 🥾🎒;🏞️ Explora nuevas oportunidades con valentía 🥾🎒;🏞️ Esplora nuove opportunità con coraggio 🥾🎒;🏞️ 勇敢探索新机遇 🥾🎒
🎇 Codziennie wzbudzaj radość i kreatywność 🎉🎆;🎇 Spark joy and creativity daily 🎉🎆  ;🎇 Entfache täglich Freude und Kreativität 🎉🎆;🎇 Despierta alegría y creatividad a diario 🎉🎆;🎇 Accendi gioia e creatività ogni giorno 🎉🎆;🎇 每天激发快乐和创造力 🎉🎆
⚓ Pozostań wierny swoim wartościom i marzeniom 🌍💫;⚓ Stay grounded in your values and dreams 🌍💫  ;⚓ Bleibe deinen Werten und Träumen treu 🌍💫;⚓ Mantente firme en tus valores y sueños 🌍💫;⚓ Rimani ancorato ai tuoi valori e sogni 🌍💫;⚓ 坚守你的价值观和梦想 🌍💫
🎤 Mów swoją prawdę z przekonaniem 🎶🗣️;🎤 Speak your truth confidently 🎶🗣️  ;🎤 Sprich selbstbewusst deine Wahrheit aus 🎶🗣️;🎤 Di tu verdad con confianza 🎶🗣️;🎤 Esprimi la tua verità con sicurezza 🎶🗣️;🎤 自信地说出你的真相 🎶🗣️
🦥 Znajdź czas na odpoczynek i odmłodzenie 🌿💤;🦥 Take time for rest and rejuvenation 🌿💤  ;🦥 Nimm dir Zeit für Ruhe und Erholung 🌿💤;🦥 Tómate un tiempo para descansar y rejuvenecer 🌿💤;🦥 Prenditi del tempo per riposare e rigenerarti 🌿💤;🦥 花时间休息和恢复活力 🌿💤
🍁 Świętuj zmianę jako szansę na rozwój 🌱🍃;🍁 Celebrate change as a chance to grow 🌱🍃  ;🍁 Feiere Veränderungen als Chance zum Wachsen 🌱🍃;🍁 Celebra el cambio como una oportunidad para crecer 🌱🍃;🍁 Celebra il cambiamento come un'opportunità di crescita 🌱🍃;🍁 庆祝改变，将其视为成长的机会🌱🍃
🌺 Otaczaj się kochającą energią 💞🤗;🌺 Surround yourself with loving energy 💞🤗  ;🌺 Umgib dich mit liebevoller Energie 💞🤗;🌺 Rodéate de energía amorosa 💞🤗;🌺 Circondati di energia amorevole 💞🤗;🌺 用爱的能量包围自己 💞🤗
💪 Bądź silny, idź naprzód każdego dnia 🦁🚀;💪 Stand strong, push forward daily 🦁🚀  ;💪 Bleibe stark und treibe täglich voran 🦁🚀;💪 Mantente fuerte, avanza cada día 🦁🚀;💪 Sii forte, vai avanti ogni giorno 🦁🚀;💪 坚强地站起来，每天向前迈进 🦁🚀
🎯 Skup się na swoich celach z jasnością 🏹📈;🎯 Focus on your goals with clarity 🏹📈  ;🎯 Konzentriere dich klar auf deine Ziele 🏹📈;🎯 Concéntrate en tus objetivos con claridad 🏹📈;🎯 Concentrati sui tuoi obiettivi con chiarezza 🏹📈;🎯 清晰地专注于你的目标 🏹📈
🔥 Rozpalaj pasję i wytrwałość każdego dnia 🔥⚡;🔥 Ignite passion and perseverance every day 🔥⚡  ;🔥 Entfache täglich Leidenschaft und Ausdauer 🔥⚡;🔥 Enciende la pasión y la perseverancia cada día 🔥⚡;🔥 Accendi passione e perseveranza ogni giorno 🔥⚡;🔥 每天点燃激情和毅力 🔥⚡
🧘 Znajdź wewnętrzny spokój i jasność 🌿✨;🧘 Find inner calm and clarity 🌿✨  ;🧘 Finde innere Ruhe und Klarheit 🌿✨;🧘 Encuentra la calma y la claridad interior 🌿✨;🧘 Trova calma interiore e chiarezza 🌿✨;🧘 找到内心的平静和清晰 🌿✨
🌟 Pozwól swojemu duchowi jaśnieć 🦄💡;🌟 Let your spirit shine bright 🦄💡  ;🌟 Lass deinen Geist strahlen 🦄💡;🌟 Deja que tu espíritu brille con fuerza 🦄💡;🌟 Lascia che il tuo spirito brilli 🦄💡;🌟 让你的精神闪耀光芒 🦄💡
🚴 Idź naprzód z determinacją 🚴‍♂️🎽;🚴 Keep moving forward with determination 🚴‍♂️🎽  ;🚴 Gehe entschlossen weiter voran 🚴‍♂️🎽;🚴 Sigue avanzando con determinación 🚴‍♂️🎽;🚴 Continua ad andare avanti con determinazione 🚴‍♂️🎽;🚴 坚定地继续前进 🚴‍♂️🎽
🌻 Pielęgnuj swoje marzenia i ambicje 🌼🌞;🌻 Nurture your dreams and ambitions 🌼🌞  ;🌻 Pflege deine Träume und Ambitionen 🌼🌞;🌻 Nutre tus sueños y Ambiciones 🌼🌞;🌻 Nutri i tuoi sogni e le tue ambizioni 🌼🌞;🌻 培育你的梦想和抱负 🌼🌞
🐾 Zostaw życzliwość na swojej drodze 🐕🌷;🐾 Leave kindness in your path 🐕🌷  ;🐾 Lass Freundlichkeit auf deinem Weg 🐕🌷;🐾 Deja la bondad en tu camino 🐕🌷;🐾 Lascia la gentilezza sul tuo cammino 🐕🌷;🐾 在你的道路上留下善意 🐕🌷
🕊️ Przyjmij pokój i Przebaczenie 🕊️❤️;🕊️ Embrace peace and forgiveness 🕊️❤️  ;🕊️ Umarme Frieden und Vergebung 🕊️❤️;🕊️ Abraza la paz y el perdón 🕊️❤️;🕊️ Abbraccia la pace e il perdono 🕊️❤️;🕊️ 拥抱和平与宽恕 🕊️❤️
🌙 Śnij z nadzieją i odwagą 🌌🌠;🌙 Dream with hope and courage 🌌🌠  ;🌙 Träume mit Hoffnung und Mut 🌌🌠;🌙 Sueña con esperanza y valentía 🌌🌠;🌙 Sogna con speranza e coraggio 🌌🌠;🌙 带着希望和勇气去梦想 🌌🌠
🎨 Stwórz arcydzieło swojego życia 🎨🌈;🎨 Create your life’s masterpiece 🎨🌈  ;🎨 Erschaffe das Meisterwerk deines Lebens 🎨🌈;🎨 Crea la obra maestra de tu vida 🎨🌈;🎨 Crea il capolavoro della tua vita 🎨🌈;🎨 创造你的人生的杰作 🎨🌈
🏆 Świętuj każdy sukces z radością 🎉🎊;🏆 Celebrate every success with joy 🎉🎊  ;🏆 Feiere jeden Erfolg mit Freude 🎉🎊;🏆 Celebra cada éxito con alegría 🎉🎊;🏆 Celebra ogni successo con gioia 🎉🎊;🏆 欢欣庆祝每一次成功 🎉🎊
🦜 Mów życzliwie do siebie i innych 🦜😍;🦜 Speak kindly to yourself and others 🦜😍  ;🦜 Sprich freundlich mit dir selbst und anderen 🦜😍;🦜 Habla con amabilidad contigo mismo y con los demás 🦜😍;🦜 Parla gentilmente a te stesso e agli altri 🦜😍;🦜 善待自己和他人 🦜😍
⛅ Niech twoje serce będzie lekkie i radosne ☀️😄;⛅ Keep your heart light and joyful ☀️😄  ;⛅ Halte dein Herz leicht und fröhlich ☀️😄;⛅ Mantén tu corazón ligero y alegre ☀️😄;⛅ Mantieni il tuo cuore leggero e gioioso ☀️😄;⛅ 保持内心轻松愉悦 ☀️😄
🦄 Wierz w swój nieograniczony potencjał 🦄⚡;🦄 Believe in your unlimited potential 🦄⚡  ;🦄 Glaube an dein unbegrenztes Potenzial 🦄⚡;🦄 Cree en tu potencial ilimitado 🦄⚡;🦄 Credi nel tuo potenziale illimitato 🦄⚡;🦄 相信自己无限的潜力 🦄⚡
🚀 Wznieś swoją odwagę na nowe wyżyny 🚀🏔️;🚀 Launch your courage to new heights 🚀🏔️  ;🚀 Starte deinen Mut zu neuen Höhen 🚀🏔️;🚀 Lanza tu valentía a nuevas alturas 🚀🏔️;🚀 Lancia il tuo coraggio verso nuove vette 🚀🏔️;🚀 将你的勇气推向新的高度 🚀🏔️
📚 Ucz się, rozwijaj i ewoluuj każdego dnia 📖🌱;📚 Learn, grow, and evolve every day 📖🌱  ;📚 Lerne, wachse und entwickle dich jeden Tag 📖🌱;📚 Aprende, crece y evoluciona cada día 📖🌱;📚 Impara, cresci ed evolvi ogni giorno 📖🌱;📚 每天学习、成长、进步 📖🌱
🌅 Traktuj każdy wschód słońca jako nową szansę 🌄🌞;🌅 Embrace each sunrise as a new chance 🌄🌞  ;🌅 Nutze jeden Sonnenaufgang als neue Chance 🌄🌞;🌅 Abraza cada El amanecer como una nueva oportunidad 🌄🌞;🌅 Abbraccia Ogni alba è una nuova opportunità 🌄🌞;🌅 拥抱每个日出，将其视为新的机会 🌄🌞
🪁 Pozwól swojej nadziei wzbić się jak latawiec 🪁💨;🪁 Let your hope soar like a kite 🪁💨  ;🪁 Lass deine Hoffnung wie einen Drachen steigen 🪁💨;🪁 Deja que tu esperanza se eleve como una cometa 🪁💨;🪁 Lascia che la tua speranza voli come un aquilone 🪁💨;🪁 让你的希望像风筝一样翱翔 🪁💨
🌸 Rozkwitnij we własnym tempie 🌷🦋;🌸 Bloom in your own time 🌷🦋  ;🌸 Blühe in deiner eigenen Zeit 🌷🦋;🌸 Florece a tu propio ritmo 🌷🦋;🌸 Fiorisci con i tuoi tempi 🌷🦋;🌸 在自己的时间绽放 🌷🦋
🎶 Tańcz w rytmie swojej duszy 💃🎵;🎶 Dance to the rhythm of your soul 💃🎵  ;🎶 Tanze im Rhythmus deiner Seele 💃🎵;🎶 Baila al ritmo de tu alma 💃🎵;🎶 Danza al ritmo della tua anima 💃🎵;🎶 随着你灵魂的节奏起舞 💃🎵
🎁 Dziel się swoim szczęściem hojnie 🎁💖;🎁 Share your happiness generously 🎁💖  ;🎁 Teile dein Glück großzügig 🎁💖;🎁 Comparte tu felicidad generosamente 🎁💖;🎁 Condividi la tua felicità generosamente 🎁💖;🎁 慷慨地分享你的快乐🎁💖
⚓ Pozostań zakotwiczony w swoich wartościach ⚓🌿;⚓ Stay anchored in your values ⚓🌿  ;⚓ Bleibe in deinen Werten verankert ⚓🌿;⚓ Mantente anclado en tus valores ⚓🌿;⚓ Rimani ancorato ai tuoi valori ⚓🌿;⚓ 坚守你的价值观 ⚓🌿
🎆 Lśnij z każdym krokiem 🎇👣;🎆 Sparkle with every step you take 🎇👣  ;🎆 Strahle mit jedem Schritt, den du machst 🎇👣;🎆 Brilla con cada paso que das 🎇👣;🎆 Brilla a ogni passo che fai 🎇👣;🎆 每一步都闪耀光芒 🎇👣
🌿 Wdychaj spokój, wydychaj stres 🌿😌;🌿 Breathe in calm, breathe out stress 🌿😌  ;🌿 Atme Ruhe ein, atme Stress aus 🌿😌;🌿 Inhala calma, exhala estrés 🌿😌;🌿 Inspira calma, espira stress 🌿😌;🌿 吸入平静，呼出压力 🌿😌
🚀 Pędź ku wielkości 🚀🦅;🚀 Propel yourself toward greatness 🚀🦅  ;🚀 Treibe dich zu Größe an 🚀🦅;🚀 Impulsate hacia la grandeza 🚀🦅;🚀 Spingiti verso la grandezza 🚀🦅;🚀 推动自己走向伟大 🚀🦅
🐬 Pływaj z radością i wolnością 🐬🌊;🐬 Swim with joy and freedom 🐬🌊  ;🐬 Schwimme mit Freude und Freiheit 🐬🌊;🐬 Nada con alegría y libertad 🐬🌊;🐬 Nuota con gioia e libertà 🐬🌊;🐬 尽情享受快乐和自由 🐬🌊
🌻 Pielęgnuj życzliwość i zrozumienie 🌻😊;🌻 Cultivate kindness and understanding 🌻😊  ;🌻 Pflege Freundlichkeit und Verständnis 🌻😊;🌻 Cultiva la bondad y la comprensión 🌻😊;🌻 Coltiva gentilezza e comprensione 🌻😊;🌻 培养善良和理解 🌻😊
🧡 Podążaj za prawdziwym powołaniem swojego serca 🧡✨;🧡 Follow your heart’s true calling 🧡✨  ;🧡 Folge der wahren Berufung deines Herzens 🧡✨;🧡 Sigue el verdadero llamado de tu corazón 🧡✨;🧡 Segui la vera chiamata del tuo cuore 🧡✨;🧡 追随你内心真正的召唤 🧡✨
🛤️ Każda podróż zaczyna się od jednego kroku 🚶‍♂️🌟;🛤️ Every journey begins with a single step 🚶‍♂️🌟  ;🛤️ Jede Reise beginnt mit einem einzigen Schritt 🚶‍♂️🌟;🛤️ Todo viaje comienza con un solo paso 🚶‍♂️🌟;🛤️ Ogni viaggio inizia con un singolo passo 🚶‍♂️🌟;🛤️ 千里之行始于足下 🚶‍♂️🌟
🎯 Dąż do doskonałości, rozpocznij podróż 🎯🦄;🎯 Aim for excellence, embrace the journey 🎯🦄  ;🎯 Strebe nach Exzellenz, genieße die Reise 🎯🦄;🎯 Aspira a la excelencia, abraza el viaje 🎯🦄;🎯 Punta all'eccellenza, abbraccia il viaggio 🎯🦄;🎯 追求卓​​越，拥抱旅程 🎯🦄
🍀 Wierz w swoje szczęśliwe gwiazdy 🍀🌠;🍀 Believe in your lucky stars 🍀🌠  ;🍀 Glaube an dein Glück 🍀🌠;🍀 Cree en tu buena estrella 🍀🌠;🍀 Credi nella tua buona stella 🍀🌠;🍀 相信你的幸运星 🍀🌠
🌟 Rozsiewaj pozytywną energię jak konfetti 🎉🌈;🌟 Spread positivity like confetti 🎉🌈  ;🌟 Verbreite Positivität wie Konfetti 🎉🌈;🌟 Esparce positividad como confeti 🎉🌈;🌟 Diffondi positività come coriandoli 🎉🌈;🌟 像五彩纸屑一样传播正能量🎉🌈
📖 Napisz rozdziały nadziei i szczęścia 📖🥳;📖 Write chapters of hope and happiness 📖🥳  ;📖 Schreibe Kapitel voller Hoffnung und Glück 📖🥳;📖 Escribe capítulos de esperanza y felicidad 📖🥳;📖 Scrivi capitoli di speranza e felicità 📖🥳;📖 书写希望与幸福的篇章 📖🥳
⚡ Naładuj swój dzień entuzjazmem ⚡💪;⚡ Charge your day with enthusiasm ⚡💪  ;⚡ Lade deinen Tag mit Enthusiasmus auf ⚡💪;⚡ Llena tu día de entusiasmo ⚡💪;⚡ Carica la tua giornata di entusiasmo ⚡💪;⚡ 用热情开启你的每一天 ⚡💪
🌙 Marz głośno, działaj śmiało 🌙🔥;🌙 Dream loudly, act boldly 🌙🔥  ;🌙 Träum laut, handle mutig 🌙🔥;🌙 Sueña en voz alta, actúa con valentía 🌙🔥;🌙 Sogna ad alta voce, agisci con coraggio 🌙🔥;🌙 大声梦想，大胆行动 🌙🔥
🦋 Zmiana jest piękna i potężna 🦋🏆;🦋 Change is beautiful and powerful 🦋🏆  ;🦋 Veränderung ist schön und kraftvoll 🦋🏆;🦋 El cambio es hermoso y poderoso 🦋🏆;🦋 Il cambiamento è bello e potente 🦋🏆;🦋 改变是美丽而强大的 🦋🏆
🏆 Twoja ciężka praca się opłaca 🏆✨;🏆 Your hard work pays off 🏆✨  ;🏆 Deine harte Arbeit zahlt sich aus 🏆✨;🏆 Tu esfuerzo da frutos 🏆✨;🏆 Il tuo duro lavoro paga 🏆✨;🏆 你的努力终有回报 🏆✨
🌻 Rozkwitnij z wytrwałością i wdziękiem 🌸🦄;🌻 Blossom with resilience and grace 🌸🦄  ;🌻 Erblühe mit Widerstandsfähigkeit und Anmut 🌸🦄;🌻 Florece con resiliencia y gracia 🌸🦄;🌻 Fiorisci con resilienza e grazia 🌸🦄;🌻 以坚韧和优雅绽放 🌸🦄
🧗 Wspinaj się dalej, nigdy nie przestawaj sięgać 🏔️⛰️;🧗 Keep climbing, never stop reaching 🏔️⛰️  ;🧗 Steige weiter auf, höre nie auf zu streben 🏔️⛰️;🧗 Sigue escalando, nunca dejes de alcanzar 🏔️⛰️;🧗 Continua a scalare, non smettere mai di raggiungere 🏔️⛰️;🧗 不断攀登，永不停止 🏔️⛰️
🎨 Pokoloruj swój świat kreatywnością 🎨🖍️;🎨 Color your world with creativity 🎨🖍️  ;🎨 Gestalte deine Welt mit Kreativität 🎨🖍️;🎨 Colorea tu mundo con creatividad 🎨🖍️;🎨 Colora il tuo mondo con la creatività 🎨🖍️;🎨 用创造力为你的世界增添色彩 🎨🖍️
💪 Siła rośnie z każdym wyzwaniem 💪🏅;💪 Strength grows from every challenge 💪🏅  ;💪 Kraft wächst aus jeder Herausforderung 💪🏅;💪 La fuerza crece con cada desafío 💪🏅;💪 La forza cresce da ogni sfida 💪🏅;💪 每一次挑战都会让力量增长 💪🏅
🦅 Wznieś się na nowe wyżyny z pewnością siebie 🦅🔥;🦅 Soar to new heights with confidence 🦅🔥  ;🦅 Erreiche mit Zuversicht neue Höhen 🦅🔥;🦅 Elévate a nuevas alturas con confianza 🦅🔥;🦅 Vola verso nuove vette con fiducia 🦅🔥;🦅 满怀信心，飞向新的高度 🦅🔥
🌿 Zakorzeń się w pokoju i miłości 🌳🧩;🌿 Root yourself in peace and love 🌳🧩  ;🌿 Verwurzele dich in Frieden und Liebe 🌳🧩;🌿 Enraízate en la paz y el amor 🌳🧩;🌿 Radicati nella pace e nell'amore 🌳🧩;🌿 让自己扎根于平和与爱之中 🌳🧩
⚡ Napełnij swojego ducha energią każdego dnia ⚡🕶️;⚡ Energize your spirit each day ⚡🕶️  ;⚡ Belebe deinen Geist jeden Tag ⚡🕶️;⚡ Energiza tu espíritu cada día ⚡🕶️;⚡ Rinvigorisci il tuo spirito ogni giorno ⚡🕶️;⚡ 每天激发你的精神 ⚡🕶️
🎶 Niech twoje szczęście zostanie usłyszane 🎤🎸;🎶 Let your happiness be heard 🎤🎸  ;🎶 Lass dein Glück hören 🎤🎸;🎶 Deja que tu felicidad se escuche 🎤🎸;🎶 Lascia che la tua felicità venga ascoltata 🎤🎸;🎶 让你的快乐被听到 🎤🎸
🍀 Zaufaj rytmowi swojego życia 🍀🕰️;🍀 Trust the timing of your life 🍀🕰️  ;🍀 Vertraue dem Timing deines Lebens 🍀🕰️;🍀 Confía en el tiempo de tu vida 🍀🕰️;🍀 Fidati dei tempi della tua vita 🍀🕰️;🍀 相信你生命的时机 🍀🕰️
🚀 Podejmij śmiałe kroki w kierunku swoich marzeń 🚀🍀;🚀 Take bold steps toward your dreams 🚀🍀  ;🚀 Gehe mutige Schritte in Richtung deiner Träume 🚀🍀;🚀 Da pasos audaces hacia tus sueños 🚀🍀;🚀 Fai passi coraggiosi verso i tuoi sogni 🚀🍀;🚀 朝着你的梦想迈出大胆的步伐 🚀🍀
💖 Odkryj swoją wartość i lśnij jasno 💖🦢;💖 Embrace your worth and shine bright 💖🦢  ;💖 Erkenne deinen Wert und strahle hell 💖🦢;💖 Acepta tu valor y brilla con fuerza 💖🦢;💖 Accetta il tuo valore e brilla 💖🦢;💖 拥抱展现你的价值，闪耀光芒💖🦢
🦋 Lataj swobodnie z otwartym sercem 🦋💚;🦋 Fly freely with an open heart 🦋💚  ;🦋 Fliege frei mit offenem Herzen 🦋💚;🦋 Vuela libremente con el corazón abierto 🦋💚;🦋 Vola libero con il cuore aperto 🦋💚;🦋 敞开心扉，自由飞翔🦋💚
🌞 Świeć swoim światłem nawet w pochmurne dni ☀️🌥️;🌞 Shine your light even on cloudy days ☀️🌥️  ;🌞 Lass dein Licht auch an bewölkten Tagen leuchten ☀️🌥️;🌞 Ilumina incluso en días nublados ☀️🌥️;🌞 Fai brillare la tua luce anche nelle giornate nuvolose ☀️🌥️;🌞 即使在阴天也要闪耀你的光芒☀️🌥️
🌟 Nie bój się dążyć do radości 🌟🗽;🌟 Be fearless in pursuit of joy 🌟🗽  ;🌟 Sei furchtlos auf der Suche nach Freude 🌟🗽;🌟 No tengas miedo de buscar la alegría 🌟🗽;🌟 Sii coraggioso nella ricerca della gioia 🌟🗽;🌟 无所畏惧地追求快乐🌟🗽
🦄 Uwierz w magię w sobie 🦄🌼;🦄 Believe in the magic within you 🦄🌼  ;🦄 Glaube an die Magie in dir 🦄🌼;🦄 Cree en la magia que llevas dentro 🦄🌼;🦄 Credi nella magia dentro di te 🦄🌼;🦄 相信你内心的魔力🦄🌼
🧩 Złóż swoją ścieżkę z troską 🧩🎯;🧩 Piece together your path with care 🧩🎯  ;🧩 Finde deinen Weg mit Bedacht 🧩🎯;🧩 Construye tu camino con cuidado 🧩🎯;🧩 Costruisci il tuo percorso con cura 🧩🎯;🧩 用心拼凑你的道路🧩🎯
🌊 Płyń bez wysiłku przez zmiany 🌊🧘;🌊 Flow effortlessly through change 🌊🧘  ;🌊 Fließe mühelos durch Veränderungen 🌊🧘;🌊 Fluye sin esfuerzo a través del cambio 🌊🧘;🌊 Fluisci senza sforzo attraverso il cambiamento 🌊🧘;🌊 轻松应对变化🌊🧘
🍃 Puść wodze fantazji i rozwijaj się 🍃🐝;🍃 Let go and grow 🍃🐝  ;🍃 Lass los und wachse 🍃🐝;🍃 Suéltalo y crece 🍃🐝;🍃 Lascia andare e cresci 🍃🐝;🍃 放手去成长🍃🐝
🏆 Świętuj swoje postępy każdego dnia 🏆🎂;🏆 Celebrate your progress every day 🏆🎂  ;🏆 Feiere jeden Tag deine Fortschritte 🏆🎂;🏆 Celebra tu progreso cada día 🏆🎂;🏆 Celebra i tuoi progressi ogni giorno 🏆🎂;🏆 庆祝你每天的进步🏆🎂
🌙 Pozwól gwiazdom inspirować Twoje marzenia 🌙💫;🌙 Let the stars inspire your dreams 🌙💫  ;🌙 Lass dich von den Sternen zu deinen Träumen inspirieren 🌙💫;🌙 Deja que las estrellas inspiren tus sueños 🌙💫;🌙 Lascia che le stelle ispirino i tuoi sogni 🌙💫;🌙 让星光激发你的梦想🌙💫
🌿 Połącz się ze spokojem i siłą natury 🌳🦌;🌿 Connect with nature’s calm and strength 🌳🦌  ;🌿 Verbinde dich mit der Ruhe und Kraft der Natur 🌳🦌;🌿 Conecta con la calma y la fuerza de la naturaleza 🌳🦌;🌿 Connettiti con la calma e la forza della natura 🌳🦌;🌿 与大自然的宁静与力量连接🌳🦌
🔥 Rozpal swoją pasję i napędzaj swoje cele 🔥🎯;🔥 Ignite your passion and fuel your goals 🔥🎯  ;🔥 Entfache deine Leidenschaft und treibe deine Ziele voran 🔥🎯;🔥 Enciende tu pasión e impulsa tus metas 🔥🎯;🔥 Accendi la tua passione e alimenta i tuoi obiettivi 🔥🎯;🔥 点燃你的激情，为你的目标加油🔥🎯
🦉 Mądrość przychodzi z każdym wyzwaniem 🦉📝;🦉 Wisdom comes with every challenge 🦉📝  ;🦉 Jede Herausforderung bringt Weisheit mit sich 🦉📝;🦉 La sabiduría llega con cada desafío 🦉📝;🦉 La saggezza arriva con ogni sfida 🦉📝;🦉 智慧伴随每一次挑战🦉📝
🛤️ Idź naprzód z nadzieją 🚶‍♂️🌅;🛤️ Keep moving forward with hope 🚶‍♂️🌅  ;🛤️ Gehe hoffnungsvoll weiter voran 🚶‍♂️🌅;🛤️ Sigue adelante con esperanza 🚶‍♂️🌅;🛤️ Continua ad andare avanti con speranza 🚶‍♂️🌅;🛤️ 满怀希望地继续前进🚶‍♂️🌅
🍾 Świętuj swoją wyjątkowość każdego dnia 🎉🥂;🍾 Celebrate your uniqueness every day 🎉🥂  ;🍾 Feiere jeden Tag deine Einzigartigkeit 🎉🥂;🍾 Celebra tu singularidad cada día 🎉🥂;🍾 Celebra la tua unicità ogni giorno 🎉🥂;🍾 每天庆祝你的独特之处🎉🥂
💥 Zapal w sobie zmianę ⚡🐣;💥 Spark change within yourself ⚡🐣  ;💥 Entfache Veränderung in dir ⚡🐣;💥 Genera un cambio dentro de ti ⚡🐣;💥 Accendi il cambiamento dentro di te ⚡🐣;💥 激发你内心的改变⚡🐣
🌸 Stań się najlepszą wersją siebie 🥇🎀;🌸 Grow into the best version of you 🥇🎀  ;🌸 Werde zur besten Version deiner selbst 🥇🎀;🌸 Conviértete en la mejor versión de ti 🥇🎀;🌸 Diventa la versione migliore di te 🥇🎀;🌸 成长为最好的自己🥇🎀
🌞 Ogrzej swoje serce wdzięcznością ☀️🌺;🌞 Warm your heart with gratitude ☀️🌺  ;🌞 Wärme dein Herz mit Dankbarkeit ☀️🌺;🌞 Calienta tu corazón de gratitud ☀️🌺;🌞 Riscalda il tuo cuore con la gratitudine ☀️🌺;🌞 用感恩温暖你的心☀️🌺
🛫 Wznieś się ponad hałas i lataj wysoko 🦅🪁;🛫 Rise above the noise and fly high 🦅🪁  ;🛫 Erhebe dich über den Lärm und fliege hoch hinaus 🦅🪁;🛫 Elévate por encima del ruido y vuela alto 🦅🪁;🛫 Elevati al di sopra del rumore e vola alto 🦅🪁;🛫 超越喧嚣，展翅高飞🦅🪁
🧘 Znajdź spokój w chwili obecnej 🧘‍♀️🍃;🧘 Find peace in present moments 🧘‍♀️🍃  ;🧘 Finde Frieden im gegenwärtigen Moment 🧘‍♀️🍃;🧘 Encuentra la paz en los momentos presentes 🧘‍♀️🍃;🧘 Trova la pace nel presente 🧘‍♀️🍃;🧘 在当下寻找平静🧘‍♀️🍃
😃 Przyciągaj pozytywność i szczęście 🍀🎯;😃 Attract positivity and good fortune 🍀🎯  ;😃 Ziehe Positivität und Glück an 🍀🎯;😃 Atrae positividad y buena fortuna 🍀🎯;😃 Attira positività e buona fortuna 🍀🎯;😃 吸引正能量和好运🍀🎯
🏹 Ustal jasne cele Wyznaczaj sobie cele i dąż do nich 🎯🏆;🏹 Set clear goals and go for them 🎯🏆  ;🏹 Setze dir klare Ziele und verfolge sie 🎯🏆;🏹 Establece metas claras y ve por ellas 🎯🏆;🏹 Stabilisci obiettivi chiari e perseguili 🎯🏆;🏹 设定明确的目标并为之努力🎯🏆
⚔️ Pozostań wierny swoim wartościom i marzeniom ⚓💛;⚔️ Stay true to your values and dreams ⚓💛  ;⚔️ Bleibe deinen Werten und Träumen treu ⚓💛;⚔️ Mantente fiel a tus valores y sueños ⚓💛;⚔️ Rimani fedele ai tuoi valori e ai tuoi sogni ⚓💛;⚔️ 忠于你的价值观和梦想⚓💛
🦚 Akceptuj swoją indywidualność i lśnij 🦄💫;🦚 Embrace your individuality and shine 🦄💫  ;🦚 Zeige deine Individualität und strahle 🦄💫;🦚 Abraza tu individualidad y brilla 🦄💫;🦚 Abbraccia la tua individualità e brilla 🦄💫;🦚 拥抱个性，绽放光芒 🦄💫
🏆 Doświadczaj rozwoju i transformacji każdego dnia 🔬✨;🏆 Experience growth and transformation daily 🔬✨  ;🏆 Erlebe täglich Wachstum und Transformation 🔬✨;🏆 Experimenta crecimiento y transformación a diario 🔬✨;🏆 Sperimenta crescita e trasformazione ogni giorno 🔬✨;🏆 每天体验成长和蜕变 🔬✨
⛵️ Płyń przez życie ze spokojem i pewnością siebie 🛶🌟;⛵️ Navigate your life with calm and confidence 🛶🌟  ;⛵️ Navigiere mit Ruhe und Zuversicht durch dein Leben 🛶🌟;⛵️ Navega por tu vida con calma y confianza 🛶🌟;⛵️ Affronta la tua vita con calma e sicurezza 🛶🌟;⛵️ 平静自信地驾驭人生 🛶🌟
☄️ Pozwól swojemu wewnętrznemu ogniowi oświetlić drogę 🔥🌛;☄️ Let your inner fire light the way 🔥🌛  ;☄️ Lass dein inneres Feuer dir den Weg leuchten 🔥🌛;☄️ Deja que tu fuego interior ilumine el camino 🔥🌛;☄️ Lascia che il tuo fuoco interiore illumini la strada 🔥🌛;☄️ 让内心的火焰照亮前路 🔥🌛
🌻 Bądź źródłem światła i szczęścia 🌻💞;🌻 Be a source of light and happiness 🌻💞  ;🌻 Sei eine Quelle des Lichts und des Glücks 🌻💞;🌻 Sé una fuente de luz y felicidad 🌻💞;🌻 Sii una fonte di luce e felicità 🌻💞;🌻 成为光明和幸福的源泉 🌻💞
🎶 Zharmonizuj się z muzyką życia 🎶🌠;🎶 Harmonize with the music of life 🎶🌠  ;🎶 Harmoniere mit der Musik des Lebens 🎶🌠;🎶 Armonízate con la música de la vida 🎶🌠;🎶 Armonizza con la musica della vita 🎶🌠;🎶 与生命之乐和谐共存 🎶🌠
🌟 Utrzymuj swoje marzenia przy życiu i rozkwitaj 🌟🏅;🌟 Keep your dreams alive and thriving 🌟🏅  ;🌟 Halte deine Träume lebendig und erfolgreich 🌟🏅;🌟 Mantén tus sueños vivos y prósperos 🌟🏅;🌟 Mantieni vivi e prosperi i tuoi sogni 🌟🏅;🌟 让你的梦想鲜活绽放 🌟🏅
🧗 Przekrocz swoje granice 🪨💪;🧗 Push yourself beyond limits 🪨💪  ;🧗 Gehe über deine Grenzen hinaus 🪨💪;🧗 Supera tus límites 🪨💪;🧗 Spingiti oltre i tuoi limiti 🪨💪;🧗 挑战自我，超越极限 🪨💪
🌿 Znajdź równowagę w chaosie życia 🦋🐾;🌿 Find balance in life’s chaos 🦋🐾  ;🌿 Finde Balance im Chaos des Lebens 🦋🐾;🌿 Encuentra el equilibrio en el caos de la vida 🦋🐾;🌿 Trova l'equilibrio nel caos della vita 🦋🐾;🌿 在纷乱的生活中寻找平衡 🦋🐾
🦜 Mów swoją prawdę odważnie 🦅💬;🦜 Speak your truth courageously 🦅💬  ;🦜 Sprich deine Wahrheit mutig 🦅💬;🦜 Di lo que quieras Verdad con valentía 🦅💬;🦜 Esprimi la tua verità con coraggio 🦅💬;🦜 勇敢地说出你的真相 🦅💬
🦅 Pozwól swojemu duchowi wzbić się w powietrze 🌟🦚;🦅 Let your spirit soar free 🌟🦚  ;🦅 Lass deinen Geist frei schweben 🌟🦚;🦅 Deja que tu espíritu vuele libre 🌟🦚;🦅 Lascia che il tuo spirito voli libero 🌟🦚;🦅 让你的精神自由翱翔 🌟🦚
🖌️ Pomaluj historię swojego życia pasją 💖🎨;🖌️ Paint your life story with passion 💖🎨  ;🖌️ Male deine Lebensgeschichte mit Leidenschaft 💖🎨;🖌️ Pinta la historia de tu vida con pasión 💖🎨;🖌️ Dipingi la storia della tua vita con passione 💖🎨;🖌️ 用激情描绘你的人生故事💖🎨
🐚 Znajdź spokój po każdej burzy 🎐🌸;🐚 Find calm after every storm 🎐🌸  ;🐚 Finde Ruhe nach jedem Sturm 🎐🌸;🐚 Encuentra la calma después de cada tormenta 🎐🌸;🐚 Trova la calma dopo ogni tempesta 🎐🌸;🐚 风暴过后，找到平静 🎐🌸
🏆 Pamiętaj, każdy dzień to zwycięstwo 🎯🎉;🏆 Remember, every day is a win 🎯🎉  ;🏆 Denk daran, jeder Tag ist ein Gewinn 🎯🎉;🏆 Recuerda, cada día es una victoria 🎯🎉;🏆 Ricorda, ogni giorno è una vittoria 🎯🎉;🏆 记住，每一天都是胜利 🎯🎉
🌞 Przyjmij każdy poranek z nadzieją 🍁☀️;🌞 Embrace each morning with hope 🍁☀️  ;🌞 Begrüße jeden Morgen mit Hoffnung 🍁☀️;🌞 Abraza cada mañana con esperanza 🍁☀️;🌞 Abbraccia ogni mattina con speranza 🍁☀️;🌞 用希望拥抱每个早晨 🍁☀️
🪐 Sięgnij gwiazd z pewnością siebie 💫🚀;🪐 Reach for the stars with confidence 💫🚀  ;🪐 Greife selbstbewusst nach den Sternen 💫🚀;🪐 Alcanza las estrellas con confianza 💫🚀;🪐 Punta alle stelle con fiducia 💫🚀;🪐 满怀信心地摘星 💫🚀
🦋 Zamień strach w siłę 🕯️🔥;🦋 Transform fear into power 🕯️🔥  ;🦋 Verwandle Angst in Kraft 🕯️🔥;🦋 Transforma el miedo en poder 🕯️🔥;🦋 Trasforma la paura in potere 🕯️🔥;🦋 将恐惧转化为力量 🕯️🔥
🌈 Pokoloruj swój świat radością 🎉💡;🌈 Color your world with joy 🎉💡  ;🌈 Farbe deine Welt mit Freude 🎉💡;🌈 Colorea tu mundo de alegría 🎉💡;🌈 Colora il tuo mondo di gioia 🎉💡;🌈 用喜悦为你的世界增添色彩 🎉💡
💡 Pozwól swojej kreatywności oświetlić drogę 🖍️✨;💡 Let your creativity light the path 🖍️✨  ;💡 Lass deine Kreativität den Weg erleuchten 🖍️✨;💡 Deja que tu creatividad ilumine el camino 🖍️✨;💡 Lascia che la tua creatività illumini il cammino 🖍️✨;💡 让你的创造力照亮前路 🖍️✨
👜 Noś pewność siebie, gdziekolwiek pójdziesz 💎🎒;👜 Carry confidence wherever you go 💎🎒  ;👜 Trage Selbstvertrauen, wohin du auch gehst 💎🎒;👜 Lleva la confianza a donde quiera que vayas 💎🎒;👜 Porta con te la fiducia ovunque tu vada 💎🎒;👜 无论走到哪里，都要充满自信 💎🎒
🎯 Skup się na postępie, a nie na perfekcji 🔑📈;🎯 Focus on progress, not perfection 🔑📈  ;🎯 Konzentriere dich auf Fortschritt, nicht auf Perfektion 🔑📈;🎯 Enfócate en el progreso, no en la perfección 🔑📈;🎯 Concentrati sul progresso, non sulla perfezione 🔑📈;🎯 专注于进步，而不是完美 🔑📈
🦄 Bądź śmiały, bądź dzielny, bądź sobą 🐾🦁;🦄 Be bold, be brave, be you 🐾🦁  ;🦄 Sei mutig, sei tapfer, sei du selbst 🐾🦁;🦄 Sé audaz, sé valiente, sé tú mismo 🐾🦁;🦄 Sii audace, sii coraggioso, sii te stesso 🐾🦁;🦄 大胆、勇敢，做你自己 🐾🦁
🌜 Marz z celem 🌠🌙;🌜 Dream with purpose 🌠🌙  ;🌜 Träume mit Sinn 🌠🌙;🌜 Sueña con propósito 🌠🌙;🌜 Sogna con uno scopo 🌠🌙;🌜 带着目标去梦想 🌠🌙
🌻 Pozwól, aby szczęście rozkwitło w Twoim sercu 🥰🌹;🌻 Let happiness bloom in your heart 🥰🌹  ;🌻 Lass Glück in deinem Herzen erblühen 🥰🌹;🌻 Deja que la felicidad florezca en tu corazón 🥰🌹;🌻 Lascia che la felicità sbocci nel tuo cuore 🥰🌹;🌻 让幸福在你的心中绽放心 🥰🌹
🪂 Podejmuj odważne kroki wiary 🚀💥;🪂 Take brave leaps of faith 🚀💥  ;🪂 Wage mutige Vertrauensvorschüsse 🚀💥;🪂 Da saltos de fe valientes 🚀💥;🪂 Fai coraggiosi salti di fede 🚀💥;🪂 勇敢地迈出信念的一步 🚀💥
🌺 Otaczaj się pozytywnością 🌻🌸;🌺 Surround yourself with positivity 🌻🌸  ;🌺 Umgib dich mit Positivität 🌻🌸;🌺 Rodéate de positividad 🌻🌸;🌺 Circondati di positività 🌻🌸;🌺 让自己充满正能量 🌻🌸
🖤 Kochaj siebie całym sercem 🌹💖;🖤 Love yourself fiercely 🌹💖  ;🖤 Liebe dich selbst leidenschaftlich 🌹💖;🖤 Ámate intensamente 🌹💖;🖤 Ama te stesso intensamente 🌹💖;🖤 用心爱自己 🌹💖
🚀 Wciel swoją wizję w życie 🌠🛡️;🚀 Propel your vision into reality 🌠🛡️  ;🚀 Verwirkliche deine Vision 🌠🛡️;🚀 Haz realidad tu visión 🌠🛡️;🚀 Trasforma la tua visione in realtà 🌠🛡️;🚀 将你的愿景变成现实 🌠🛡️
🛤️ Podążaj swoją ścieżką z pasją 🎵🌳;🛤️ Keep following your path with passion 🎵🌳  ;🛤️ Folge deinem Weg mit Leidenschaft 🎵🌳;🛤️ Sigue tu camino con pasión 🎵🌳;🛤️ Continua a seguire il tuo cammino con passione 🎵🌳;🛤️ 满怀热情地追随你的道路 🎵🌳
🐾 Pozostawiaj ślady dobroci, gdziekolwiek pójdziesz 🦄🌼;🐾 Leave footprints of kindness wherever you go 🦄🌼  ;🐾 Hinterlasse überall, wo du hingehst, Spuren der Güte 🦄🌼;🐾 Deja huellas de bondad dondequiera que vayas 🦄🌼;🐾 Lascia impronte di gentilezza ovunque tu vada 🦄🌼;🐾 无论走到哪里，都留下善意的足迹 🦄🌼
🎼 Śpiewaj swoją pieśń głośno i dumnie ⌛🎤;🎼 Sing your song loud and proud ⌛🎤  ;🎼 Sing dein Lied laut und stolz ⌛🎤;🎼 Canta tu canción fuerte y con orgullo ⌛🎤;🎼 Canta la tua canzone forte e con orgoglio ⌛🎤;🎼 大声而自豪地唱出你的歌⌛🎤
🍃 Znajdź radość w prostocie 🐦🍂;🍃 Find joy in simplicity 🐦🍂  ;🍃 Finde Freude in der Einfachheit 🐦🍂;🍃 Encuentra la alegría en la simplicidad 🐦🍂;🍃 Trova la gioia nella semplicità 🐦🍂;🍃 在简单中寻找快乐 🐦🍂
🌟 Świeć jasno jak diament 📿🌈;🌟 Shine bright like a diamond 📿🌈  ;🌟 Strahle wie ein Diamant 📿🌈;🌟 Brilla como un diamante 📿🌈;🌟 Brilla come un diamante 📿🌈;🌟 像钻石一样闪耀 📿🌈
🧗 Podejmuj każde wyzwanie z sercem 💙🏔️;🧗 Climb every challenge with heart 💙🏔️  ;🧗 Meistere jede Herausforderung mit Herz 💙🏔️;🧗 Supera cada reto con el corazón 💙🏔️;🧗 Affronta ogni sfida con il cuore 💙🏔️;🧗 用心迎接每一个挑战 💙🏔️
🌺 Pielęgnuj swojego ducha każdego dnia ☘️💐;🌺 Nurture your spirit every day ☘️💐  ;🌺 Pflege deinen Geist jeden Tag ☘️💐;🌺 Nutre tu espíritu cada día ☘️💐;🌺 Nutri il tuo spirito ogni giorno ☘️💐;🌺 每天滋养你的精神☘️💐
🦜 Mów z pewnością siebie i wdziękiem 🦚🗣️;🦜 Speak with confidence and grace 🦚🗣️  ;🦜 Sprich mit Zuversicht und Anmut 🦚🗣️;🦜 Habla con confianza y gracia 🦚🗣️;🦜 Parla con sicurezza e grazia 🦚🗣️;🦜 自信优雅地说话 🦚🗣️
🕊️ Znajdź spokój w swojej duszy 🥀🕯️;🕊️ Find peace in your soul 🥀🕯️  ;🕊️ Finde Frieden in deiner Seele 🥀🕯️;🕊️ Encuentra la paz en tu alma 🥀🕯️;🕊️ Trova la pace nella tua anima 🥀🕯️;🕊️ 在你的灵魂中找到平静 🥀🕯️
💖 Pozwól miłości kierować twoimi działaniami 🎀💗;💖 Let love guide your actions 🎀💗  ;💖 Lass deine Liebe dein Handeln leiten 🎀💗;💖 Deja que el amor guíe tus acciones 🎀💗;💖 Lascia che l'amore guidi le tue azioni 🎀💗;💖 让爱引导你的行动 🎀💗
🚀 Wystrzel swoje marzenia w niebo 🪐🌌;🚀 Launch your dreams into the sky 🪐🌌  ;🚀 Lass deine Träume in den Himmel fliegen 🪐🌌;🚀 Lanza tus sueños al cielo 🪐🌌;🚀 Lancia i tuoi sogni nel cielo 🪐🌌;🚀 将你的梦想推向天空 🪐🌌
🌈 Odkryj kolory życia 🖍️🎨;🌈 Embrace the colors of life 🖍️🎨  ;🌈 Umarme die Farben des Lebens 🖍️🎨;🌈 Abraza los colores de la vida 🖍️🎨;🌈 Abbraccia i colori della vita 🖍️🎨;🌈 拥抱生命的色彩 🖍️🎨
🦋 Rozłóż skrzydła i leć swobodnie 🦄💫;🦋 Open your wings and fly free 🦄💫  ;🦋 Breite deine Flügel aus und fliege frei 🦄💫;🦋 Abre tus alas y vuela libre 🦄💫;🦋 Apri le tue ali e vola libero 🦄💫;🦋 张开翅膀，自由飞翔 🦄💫
💡 Rozświetl swoją przyszłość nadzieją 🎇✨;💡 Illuminate your future with hope 🎇✨  ;💡 Erleuchte deine Zukunft mit Hoffnung 🎇✨;💡 Ilumina tu futuro con esperanza 🎇✨;💡 Illumina il tuo futuro con la speranza 🎇✨;💡 用希望照亮你的未来 🎇✨
🍂 Porzuć to, co już ci nie służy 🌰🍁;🍂 Let go of what no longer serves you 🌰🍁  ;🍂 Lass los, was dir nicht mehr dient 🌰🍁;🍂 Deja ir lo que ya no te sirve 🌰🍁;🍂 Lascia andare ciò che non ti serve più 🌰🍁;🍂 放下不再为你服务的东西 🌰🍁
🪴 Uwierz w swoją magię 🌠🛸;🪴 Believe in your own magic 🌠🛸  ;🪴 Glaube an deine eigene Magie 🌠🛸;🪴 Cree en tu propia magia 🌠🛸;🪴 Credi nella tua magia 🌠🛸;🪴 相信你自己的魔力 🌠🛸
🛤️ Odważnie wyrusz w nieznane 🌍🧭;🛤️ Journey boldly into the unknown 🌍🧭  ;🛤️ Reise mutig ins Unbekannte 🌍🧭;🛤️ Viaja con valentía hacia lo desconocido 🌍🧭;🛤️ Viaggia coraggiosamente verso l'ignoto 🌍🧭;🛤️ 勇敢地踏上未知的旅程 🌍🧭
🎯 Bądź skupiony i wytrwały ⚔️🗡️;🎯 Stay focused and persistent ⚔️🗡️  ;🎯 Bleib konzentriert und beharrlich ⚔️🗡️;🎯 Mantente enfocado y perseverante ⚔️🗡️;🎯 Rimani concentrato e perseverante ⚔️🗡️;🎯 保持专注和坚持⚔️🗡️
💛 Napełnij swoje serce wdzięcznością 🎶🎼;💛 Fill your heart with gratitude 🎶🎼  ;💛 Fülle dein Herz mit Dankbarkeit 🎶🎼;💛 Llena tu corazón de gratitud 🎶🎼;💛 Riempi il tuo cuore di gratitudine 🎶🎼;💛 让感恩之心充满你的内心 🎶🎼
🌿 Znajdź siłę w objęciach natury 🍄🍃;🌿 Find strength in nature’s embrace 🍄🍃  ;🌿 Finde Kraft in der Umarmung der Natur 🍄🍃;🌿 Encuentra fuerza en el abrazo de la naturaleza 🍄🍃;🌿 Trova forza nell'abbraccio della natura 🍄🍃;🌿 在大自然的怀抱中寻找力量 🍄🍃
🏆 Ciesz się swoim rozwojem każdego dnia 🥇🌟;🏆 Celebrate your growth every day 🥇🌟  ;🏆 Feiere jeden Tag dein Wachstum 🥇🌟;🏆 Celebra tu crecimiento cada día 🥇🌟;🏆 Celebra la tua crescita ogni giorno 🥇🌟;🏆 庆祝你每天的成长 🥇🌟
🦄 Wierz w nieskończone możliwości 🧚✨;🦄 Believe in endless possibilities 🧚✨  ;🦄 Glaube an endlose Möglichkeiten 🧚✨;🦄 Cree en infinitas posibilidades 🧚✨;🦄 Credi in infinite possibilità 🧚✨;🦄 相信无限可能 🧚✨
🎶 Pozwól swojej duszy tańczyć swobodnie 🏵️💃;🎶 Let your soul dance freely 🏵️💃  ;🎶 Lass deine Seele frei tanzen 🏵️💃;🎶 Deja que tu alma baile libremente 🏵️💃;🎶 Lascia che la tua anima danzi liberamente 🏵️💃;🎶 让你的灵魂自由舞动 🏵️💃
🌞 Emanuj ciepłem i dobrocią 💐🌻;🌞 Radiate warmth and kindness 💐🌻  ;🌞 Strahle Wärme und Freundlichkeit aus 💐🌻;🌞 Irradia calidez y amabilidad 💐🌻;🌞 Irradia calore e gentilezza 💐🌻;🌞 散发温暖和善意 💐🌻
🚀 Sięgaj po swoje marzenia bez skrupułów 🦚🛫;🚀 Reach for your dreams unapologetically 🦚🛫  ;🚀 Greife kompromisslos nach deinen Träumen 🦚🛫;🚀 Alcanza tus sueños sin complejos 🦚🛫;🚀 Raggiungi i tuoi sogni senza scuse 🦚🛫;🚀 勇敢地追逐你的梦想 🦚🛫
🧘 Oddychaj głęboko, żyj uważnie 🦢🌿;🧘 Breathe deeply, live mindfully 🦢🌿  ;🧘 Atme tief durch, lebe achtsam 🦢🌿;🧘 Respira profundamente, vive con atención plena 🦢🌿;🧘 Respira profondamente, vivi con consapevolezza 🦢🌿;🧘 深呼吸，用心生活 🦢🌿
🦅 Rozłóż skrzydła i szybuj wysoko 🐦🦉;🦅 Spread your wings and soar high 🐦🦉  ;🦅 Breite deine Flügel aus und fliege hoch hinaus 🐦🦉;🦅 Abre tus alas y vuela alto 🐦🦉;🦅 Diffondi le tue ali e vola in alto 🐦🦉;🦅 展翅高飞 🐦🦉
🌌 Spójrz w górę i marz o wielkich rzeczach 🎇🌠;🌌 Look up and dream big 🎇🌠  ;🌌 Schau nach oben und träume groß 🎇🌠;🌌 Mira hacia arriba y sueña en grande 🎇🌠;🌌 Guarda in alto e sogna in grande 🎇🌠;🌌 抬头仰望，胸怀大志 🎇🌠
🌻 Pielęgnuj radość i pozytywne nastawienie 🎊🌸;🌻 Cultivate joy and positivity 🎊🌸  ;🌻 Pflege Freude und Positivität 🎊🌸;🌻 Cultiva la alegría y la positividad 🎊🌸;🌻 Coltiva gioia e positività 🎊🌸;🌻 培养快乐和积极性 🎊🌸
🌊 Poddaj się nurtowi życia 🌀🌬️;🌊 Surrender to life’s flow 🌀🌬️  ;🌊 Gib dich dem Fluss des Lebens hin 🌀🌬️;🌊 Entrégate al fluir de la vida 🌀🌬️;🌊 Abbandonati al flusso della vita 🌀🌬️;🌊顺应生命的潮流 🌀🌬️
📖 Szukaj mądrości w każdej chwili 📜🦉;📖 Seek wisdom in every moment 📜🦉  ;📖 Suche Weisheit in jedem Moment 📜🦉;📖 Busca la sabiduría en cada momento 📜🦉;📖 Cerca la saggezza in ogni momento 📜🦉;📖 时刻寻求智慧 📜🦉
🖌️ Stwórz arcydzieło swoim życiem 📸🎨;🖌️ Create a masterpiece with your life 📸🎨  ;🖌️ Erschaffe ein Meisterwerk aus deinem Leben 📸🎨;🖌️ Crea una obra maestra con tu vida 📸🎨;🖌️ Crea un capolavoro con la tua vita 📸🎨;🖌️ 用你的生命创造杰作 📸🎨
🏕️ Odkrywaj nowe ścieżki z odwagą 🐻🥾;🏕️ Explore new paths with courage 🐻🥾  ;🏕️ Erkunde mutig neue Wege 🐻🥾;🏕️ Explora nuevos caminos con valentía 🐻🥾;🏕️ Esplora nuovi percorsi con coraggio 🐻🥾;🏕️ 勇敢探索新道路 🐻🥾
💖 Żyj z pasją i celem 🌟🔥;💖 Live with passion and purpose 🌟🔥  ;💖 Lebe mit Leidenschaft und Zielstrebigkeit 🌟🔥;💖 Vive con pasión y propósito 🌟🔥;💖 Vivi con passione e uno scopo 🌟🔥;💖 充满激情和目标地生活 🌟🔥
🛶 Pokonuj wyzwania z wdziękiem 🥂🌊;🛶 Navigate through challenges with grace 🥂🌊  ;🛶 Meistere Herausforderungen mit Anmut 🥂🌊;🛶 Supera los desafíos con gracia 🥂🌊;🛶 Affronta le sfide con grazia 🥂🌊;🛶 优雅地应对挑战 🥂🌊
🌈 Pozwól swojemu sercu prowadzić drogę 🦚🎨;🌈 Allow your heart to lead the way 🦚🎨  ;🌈 Lass dein Herz den Weg weisen 🦚🎨;🌈 Deja que tu corazón te guíe 🦚🎨;🌈 Lascia che il tuo cuore ti guidi 🦚🎨;🌈 让你的心引领道路 🦚🎨
🕯️ Rozświetl ciemność nadzieją 🌙✨;🕯️ Light the darkness with hope 🌙✨  ;🕯️ Erhelle die Dunkelheit mit Hoffnung 🌙✨;🕯️ Ilumina la oscuridad con esperanza 🌙✨;🕯️ Illumina l'oscurità con la speranza 🌙✨;🕯️ 用希望照亮黑暗 🌙✨
🎉 Świętuj swoją podróż i osiągnięcia 🎖️🏆;🎉 Celebrate your journey and achievements 🎖️🏆  ;🎉 Feiere deine Reise und deine Erfolge 🎖️🏆;🎉 Celebra tu trayectoria y tus logros 🎖️🏆;🎉 Celebra il tuo viaggio e successi 🎖️🏆;🎉 庆祝你的​​旅程和成就 🎖️🏆
🦜 Mów słowa otuchy Codziennie 📢🦜;🦜 Speak words of encouragement daily 📢🦜  ;🦜 Sprich täglich ermutigende Worte 📢🦜;🦜 Di palabras de aliento a diario 📢🦜;🦜 Pronuncia parole di incoraggiamento ogni giorno 📢🦜;🦜 每天说鼓励的话 📢🦜
🏋️‍♂️ Przekształć swoje lęki w siłę 🌞🦋;🏋️‍♂️ Transform your fears into strengths 🌞🦋  ;🏋️‍♂️ Verwandle deine Ängste in Stärken 🌞🦋;🏋️‍♂️ Transforma tus miedos en fortalezas 🌞🦋;🏋️‍♂️ Trasforma le tue paure in punti di forza 🌞🦋;🏋️‍♂️ 将你的恐惧转化为力量 🌞🦋
🌿 Nawiąż głęboką więź ze sobą i innymi 🐞🍂;🌿 Connect deeply with yourself and others 🐞🍂  ;🌿 Verbinde dich tief mit dir selbst und anderen 🐞🍂;🌿 Conecta profundamente contigo mismo y con los demás 🐞🍂;🌿 Connettiti profondamente con te stesso e con gli altri 🐞🍂;🌿 与自己和他人建立深厚的联系🐞🍂
🧩 Cierpliwie układaj swoje marzenia 🍀⏳;🧩 Piece together your dreams with patience 🍀⏳  ;🧩 Verwirkliche deine Träume mit Geduld 🍀⏳;🧩 Construye tus sueños con paciencia 🍀⏳;🧩 Metti insieme i tuoi sogni con pazienza 🍀⏳;🧩 耐心拼凑你的梦想 🍀⏳
⚡ Zainspiruj się nowymi pomysłami i pomysłami 🎉💡;⚡ Spark new ideas and inspiration 🎉💡  ;⚡ Lass neue Ideen und Inspirationen aufkommen 🎉💡;⚡ Despierta nuevas ideas e inspiración 🎉💡;⚡ Accendi nuove idee e ispirazione 🎉💡;⚡ 激发新的想法和灵感 🎉💡
🌞 Niech Twój uśmiech rozjaśni świat 🌻🌟;🌞 Let your smile brighten the world 🌻🌟  ;🌞 Lass dein Lächeln die Welt erhellen 🌻🌟;🌞 Deja que tu sonrisa ilumine el mundo 🌻🌟;🌞 Lascia che il tuo sorriso illumini il mondo 🌻🌟;🌞 让你的笑容照亮世界 🌻🌟
🌅 Podnoś się z determinacją każdego dnia ☀️🦅;🌅 Rise with determination every day ☀️🦅  ;🌅 Stehe jeden Tag entschlossen auf ☀️🦅;🌅 Levántate con determinación cada día ☀️🦅;🌅 Risorgi con determinazione ogni giorno ☀️🦅;🌅 每天都充满决心 ☀️🦅
💡 Świeć jasno przez każde wyzwanie 📈☀️;💡 Shine brightly through every challenge 📈☀️  ;💡 Strahle hell durch jede Herausforderung 📈☀️;💡 Brilla con fuerza ante cada desafío 📈☀️;💡 Brilla attraverso ogni sfida 📈☀️;💡 在每个挑战中闪耀光芒 📈☀️
🪐 Sięgaj poza gwiazdy i dalej 👽🚀;🪐 Reach beyond the stars and beyond 👽🚀  ;🪐 Greife über die Sterne hinaus und darüber hinaus 👽🚀;🪐 Alcanza más allá de las estrellas y más allá 👽🚀;🪐 Vai oltre le stelle e oltre 👽🚀;🪐 超越星辰，更上一层楼 👽🚀
🎨 Pokoloruj swoje chwile szczęściem 🦋🖍️;🎨 Color your moments with happiness 🦋🖍️  ;🎨 Farbe deinen Momenten mit Glück 🦋🖍️;🎨 Colorea tus momentos de felicidad 🦋🖍️;🎨 Colora i tuoi momenti di felicità 🦋🖍️;🎨 用幸福点缀你的每一天 🦋🖍️
🏝️ Uwierz w piękno swoich marzeń ✨🦄;🏝️ Believe in the beauty of your dreams ✨🦄  ;🏝️ Glaube an die Schönheit deiner Träume ✨🦄;🏝️ Cree en la belleza de tus sueños ✨🦄;🏝️ Credi nella bellezza dei tuoi sogni ✨🦄;🏝️ 相信梦想的美丽 ✨🦄
🛤️ Podążaj prawdziwą ścieżką swojego serca 🐾🛬;🛤️ Follow your heart’s true path 🐾🛬  ;🛤️ Folge dem wahren Weg deines Herzens 🐾🛬;🛤️ Sigue el verdadero camino de tu corazón 🐾🛬;🛤️ Segui la vera strada del tuo cuore 🐾🛬;🛤️ 追随你内心真正的道路 🐾🛬
🐾 Krocz delikatnie, zostaw pozytywny wpływ 🌟🕊️;🐾 Walk softly, leave a positive impact 🌟🕊️  ;🐾 Geh behutsam vor, hinterlasse einen positiven Eindruck 🌟🕊️;🐾 Camina con calma, deja un impacto positivo 🌟🕊️;🐾 Cammina dolcemente, lascia un impatto positivo 🌟🕊️;🐾 轻轻地走，留下积极的影响 🌟🕊️
🌌 Marz o wielkich rzeczach, działaj z jeszcze większą energią 🛸🌠;🌌 Dream big, act bigger 🛸🌠  ;🌌 Träume groß, handle größer 🛸🌠;🌌 Sueña en grande, actúa en grande 🛸🌠;🌌 Sogna in grande, agisci in grande 🛸🌠;🌌 梦想远大，行动更宏大 🛸🌠
🌿 Rośnij wysoki i silny jak drzewo 🌲🍃;🌿 Grow tall and strong like a tree 🌲🍃  ;🌿 Werde groß und stark wie ein Baum 🌲🍃;🌿 Crece alto y fuerte como un árbol 🌲🍃;🌿 Cresci alto e forte come un albero 🌲🍃;🌿 像树一样长得又高又壮 🌲🍃
🎯 Skup się na tym, osiągnij swoje cele 💪📈;🎯 Keep your focus, conquer your goals 💪📈  ;🎯 Behalte deinen Fokus, erreiche deine Ziele 💪📈;🎯 Mantén tu enfoque, alcanza tus metas 💪📈;🎯 Mantieni la concentrazione, raggiungi i tuoi obiettivi 💪📈;🎯 保持专注，征服目标 💪📈
🦋 Potraktuj zmiany jako szansę na rozwój 🦚🍂;🦋 Embrace change as a chance to grow 🦚🍂  ;🦋 Nutze Veränderungen als Chance zum Wachsen 🦚🍂;🦋 Acepta el cambio como una oportunidad para crecer 🦚🍂;🦋 Accogli il cambiamento come un'opportunità di crescita 🦚🍂;🦋 拥抱变化，将其视为成长的机会 🦚🍂
🔥 Pozwól, aby Twoja pasja napędzała Twoją podróż 🎇⚡;🔥 Let your passion fuel your journey 🎇⚡  ;🔥 Lass deine Leidenschaft deine Reise antreiben 🎇⚡;🔥 Deja que tu pasión impulse tu camino 🎇⚡;🔥 Lascia che la tua passione alimenti il ​​tuo viaggio 🎇⚡;🔥 让你的热情为你的旅程提供动力 🎇⚡
🌟 Emanuj pewnością siebie i radością 🦅💫;🌟 Radiate confidence and joy 🦅💫  ;🌟 Strahle Selbstvertrauen und Freude aus 🦅💫;🌟 Irradia confianza y alegría 🦅💫;🌟 Irradia sicurezza e gioia 🦅💫;🌟 散发自信和喜悦 🦅💫
🧘 Znajdź spokój pośród chaosu 🌊🍃;🧘 Find calm amidst the chaos 🌊🍃  ;🧘 Finde Ruhe inmitten des Chaos 🌊🍃;🧘 Encuentra la calma en medio del caos 🌊🍃;🧘 Trova la calma in mezzo al caos 🌊🍃;🧘 在混乱中找到平静 🌊🍃
🦅 Odkryj swoją moc i wznieś się wysoko 🌺💨;🦅 Own your power and fly high 🌺💨  ;🦅 Nutze deine Kraft und fliege hoch hinaus 🌺💨;🦅 Apropíate de tu poder y vuela alto 🌺💨;🦅 Prendi il controllo del tuo potere e vola alto 🌺💨;🦅 拥有自己的力量，展翅高飞 🌺💨
🌈 Pomaluj swój świat życzliwością 🌸💖;🌈 Paint your world with kindness 🌸💖  ;🌈 Male deine Welt mit Freundlichkeit 🌸💖;🌈 Pinta tu mundo de bondad 🌸💖;🌈 Colora il tuo mondo di gentilezza 🌸💖;🌈 用善意描绘你的世界 🌸💖
💖 Kochaj siebie bezwarunkowo i w pełni 🎆🌹;💖 Love yourself unconditionally and fully 🎆🌹  ;💖 Liebe dich selbst bedingungslos und voll und ganz 🎆🌹;💖 Ámate incondicional y plenamente 🎆🌹;💖 Ama te stesso incondizionatamente e pienamente 🎆🌹;💖 无条件地、全心全意地爱自己 🎆🌹
🚀 Wyrusz w swoją przygodę z odwagą 🛡️⚔️;🚀 Embark on your adventure with courage 🛡️⚔️  ;🚀 Begib dich mutig in dein Abenteuer 🛡️⚔️;🚀 Embárcate en tu aventura con valentía 🛡️⚔️;🚀 Intraprendi la tua avventura con coraggio 🛡️⚔️;🚀 勇敢地踏上你的冒险之旅 🛡️⚔️
🌸 Rozkwitaj pięknie, gdziekolwiek jesteś 🦜🌷;🌸 Bloom beautifully, wherever you are 🦜🌷  ;🌸 Blühe wunderschön auf, wo immer du bist 🦜🌷;🌸 Florece hermosamente, dondequiera que estés 🦜🌷;🌸 Fiorisci splendidamente, ovunque tu sia 🦜🌷;🌸 无论身在何处，都要绽放美丽 🦜🌷
🦜 Mów odważnie, inspiruj innych 🚩🗣️;🦜 Speak courageously, inspire others 🚩🗣️  ;🦜 Sprich mutig, inspiriere andere 🚩🗣️;🦜 Habla con valentía, inspira a otros 🚩🗣️;🦜 Parla con coraggio, ispira gli altri 🚩🗣️;🦜 勇敢地说话，激励他人 🚩🗣️
🦋 Pozwól swojej duszy się odmienić i zabłysnąć ✨🌙;🦋 Let your soul transform and shine ✨🌙  ;🦋 Lass deine Seele sich verwandeln und strahlen ✨🌙;🦋 Deja que tu alma se transforme y brille ✨🌙;🦋 Lascia che la tua anima si trasformi e brilli ✨🌙;🦋 让你的灵魂蜕变，闪耀光芒 ✨🌙
🍃 Ufaj, że wszystko dzieje się z jakiegoś powodu 🍀⏳;🍃 Trust that everything happens for a reason 🍀⏳  ;🍃 Vertraue darauf, dass alles aus einem bestimmten Grund geschieht 🍀⏳;🍃 Confía en que todo sucede por una razón 🍀⏳;🍃 Credi che tutto accada per una ragione 🍀⏳;🍃 相信一切事出有因 🍀⏳
🏆 Wygrywaj dalej, rozwijaj się 🎯🎉;🏆 Keep winning, keep growing 🎯🎉  ;🏆 Gewinne weiter, wachse weiter 🎯🎉;🏆 Sigue ganando, sigue creciendo 🎯🎉;🏆 Continua a vincere, continua a crescere 🎯🎉;🏆 不断获胜，不断成长 🎯🎉
🌞 Wstawaj każdego ranka z nadzieją i wdzięcznością 🍃☀️;🌞 Rise every morning with hope and gratitude 🍃☀️  ;🌞 Stehe jeden Morgen mit Hoffnung und Dankbarkeit auf 🍃☀️;🌞 Levántate cada mañana con esperanza y gratitud 🍃☀️;🌞 Alzati ogni mattina con speranza e gratitudine 🍃☀️;🌞 不断崛起充满希望和感恩的早晨🍃☀️
🦄 Nie lękaj się w dążeniu do szczęścia 🔥💙;🦄 Be fearless in your pursuit of happiness 🔥💙  ;🦄 Sei furchtlos in deinem Streben nach Glück 🔥💙;🦄 Sé valiente en tu búsqueda de la felicidad 🔥💙;🦄 Sii coraggioso nella tua ricerca della felicità 🔥💙;🦄 无所畏惧地追求幸福🔥💙
🎶 Śpiewaj swoją piosenkę z radością i pewnością siebie 🦢💃;🎶 Sing your song with joy and confidence 🦢💃  ;🎶 Sing dein Lied mit Freude und Zuversicht 🦢💃;🎶 Canta tu canción con alegría y confianza 🦢💃;🎶 Canta la tua canzone con gioia e sicurezza 🦢💃;🎶 带着喜悦和自信唱出你的歌🦢💃
🌿 Pielęgnuj swój umysł, ciało i duszę 🌺🌸;🌿 Nurture your mind, body, and soul 🌺🌸  ;🌿 Pflege deinen Geist, Körper und deine Seele 🌺🌸;🌿 Nutre tu mente, cuerpo y alma 🌺🌸;🌿 Nutri la tua mente, il tuo corpo e la tua anima 🌺🌸;🌿 滋养你的思想、身体和灵魂🌺🌸
🛤️ Rób krok po kroku w swojej podróży 🦶🚶;🛤️ Take one step at a time on your journey 🦶🚶  ;🛤️ Gehe Schritt für Schritt auf deiner Reise 🦶🚶;🛤️ Da un paso a la vez en tu camino 🦶🚶;🛤️ Fai un passo alla volta nel tuo viaggio 🦶🚶;🛤️ 在你的旅程中一步一步前进🦶🚶
💡 Rozświetl swój umysł pozytywnością 🌞💫;💡 Illuminate your mind with positivity 🌞💫  ;💡 Erleuchte deinen Geist mit Positivität 🌞💫;💡 Ilumina tu mente con positividad 🌞💫;💡 Illumina la tua mente con positività 🌞💫;💡 用积极性照亮你的心灵🌞💫
🦅 Wznoś się na nowe wyżyny z determinacją 🌠🦜;🦅 Soar to new heights with determination 🌠🦜  ;🦅 Erreiche mit Entschlossenheit neue Höhen 🌠🦜;🦅 Elévate a nuevas alturas con determinación 🌠🦜;🦅 Vola verso nuove vette con determinazione 🌠🦜;🦅 用决心飞向新的高度🌠🦜
🌻 Niech twoje serce będzie pełne wdzięczności ❤🌞;🌻 Let your heart be full of gratitude ❤🌞  ;🌻 Lass dein Herz voller Dankbarkeit sein ❤🌞;🌻 Deja que tu corazón se llene de gratitud ❤🌞;🌻 Lascia che il tuo cuore sia pieno di gratitudine ❤🌞;🌻 让你的心充满感恩❤🌞
🎉 Świętuj swoje osiągnięcia każdego dnia 🌟🥳;🎉 Celebrate your achievements every day 🌟🥳  ;🎉 Feiere jeden Tag deine Erfolge 🌟🥳;🎉 Celebra tus logros cada día 🌟🥳;🎉 Festeggia i tuoi successi ogni giorno 🌟🥳;🎉 每天庆祝你的成就🌟🥳
🦄 Uwierz w swoją magię i swoją moc 🌈✨;🦄 Believe in your magic and your power 🌈✨  ;🦄 Glaube an deine Magie und deine Kraft 🌈✨;🦄 Cree en tu magia y tu poder 🌈✨;🦄 Credi nella tua magia e nel tuo potere 🌈✨;🦄 相信你的魔力和力量🌈✨
🌊 Płyń z życiem i zaakceptuj zmiany 🦚💦;🌊 Flow with life and embrace change 🦚💦  ;🌊 Fließe mit dem Leben und nimm Veränderungen an 🦚💦;🌊 Fluye con la vida y abraza el cambio 🦚💦;🌊 Lasciati trasportare dalla vita e abbraccia il cambiamento 🦚💦;🌊 顺应生活，拥抱变化🦚💦
⚡ Wzmocnij się poprzez pozytywne myśli 🌸🧠;⚡ Empower yourself through positive thoughts 🌸🧠  ;⚡ Stärke dich durch positive Gedanken 🌸🧠;⚡ Empodérate con pensamientos positivos 🌸🧠;⚡ Dai forza a te stesso attraverso pensieri positivi 🌸🧠;⚡ 通过……赋予自己力量积极的想法🌸🧠
🧠 Ucz się i rozwijaj 🔥📚;🧠 Keep learning, keep evolving 🔥📚  ;🧠 Lerne weiter und entwickle dich weiter 🔥📚;🧠 Sigue aprendiendo, sigue evolucionando 🔥📚;🧠 Continua a imparare, continua a evolverti 🔥📚;🧠 不断学习，不断进步🔥📚
🛤️ Podążaj ścieżką, która przemawia do Twojej duszy 🦙🌳;🛤️ Follow the path that speaks to your soul 🦙🌳  ;🛤️ Folge dem Weg, der deine Seele anspricht 🦙🌳;🛤️ Sigue el camino que le habla a tu alma 🦙🌳;🛤️ Segui il percorso che parla alla tua anima 🦙🌳;🛤️ 追随与你灵魂对话的道路🦙🌳
🎨 Stwórz arcydzieło swojego życia z pasją 🌿🖼️;🎨 Create your life masterpiece with passion 🌿🖼️;🎨 Erschaffe mit Leidenschaft dein Lebensmeisterwerk 🌿🖼️;🎨 Crea la obra maestra de tu vida con pasión 🌿🖼️;🎨 Crea il capolavoro della tua vita con passione 🌿🖼️;🎨 用激情创造你的人生杰作🌿🖼️